'id'	'score'	'v'	'd-obj'	'p'	'p-title'
2	0.1311224635	'call'	'dog'	'dog food'	'dog'
1	0.0911137603	'call'	'dog'	'food'	'dog'
908	0.0667666731	'put'	'dog food'	'food'	'dog'
14	0.0580118052	'put'	'food'	'dog food'	'dog'
314	0.0549053694	'open'	'dog food bag'	'dog food'	'dog'
10	0.0528883272	'call'	'dog'	'bowl'	'dog'
920	0.0476904808	'get'	'dog food'	'food'	'dog'
552	0.041179027	'measure'	'food'	'dog food'	'dog'
655	0.041179027	'feed'	'dog'	'dog food'	'dog'
916	0.038755701	'put'	'dog food'	'bowl'	'dog'
313	0.0381523846	'open'	'dog food bag'	'food'	'dog'
377	0.0325911373	'pour'	'food'	'dog food'	'dog'
13	0.0300406706	'call'	'dog'	'dog s'	'dog'
9	0.0296865829	'call'	'dog'	'dish'	'dog'
654	0.0286142885	'feed'	'dog'	'food'	'dog'
933	0.0285979959	'place'	'bowl'	'dog food'	'dog'
928	0.0276826436	'get'	'dog food'	'bowl'	'dog'
846	0.0274526847	'pour'	'it'	'dog food'	'dog'
289	0.0238404479	'scoop'	'food'	'dog food'	'dog'
871	0.0238404479	'give'	'bowl'	'dog food'	'dog'
22	0.0233990977	'put'	'food'	'bowl'	'dog'
322	0.0221461149	'open'	'dog food bag'	'bowl'	'dog'
919	0.022013312	'put'	'dog food'	'dog s'	'dog'
944	0.0217544269	'get'	'food'	'dog food'	'dog'
915	0.0217538424	'put'	'dog food'	'dish'	'dog'
27	0.0202282111	'open'	'bag'	'dog food'	'dog'
603	0.0202282111	'open'	'food'	'dog food'	'dog'
932	0.0198720408	'place'	'bowl'	'food'	'dog'
90	0.0190761923	'take'	'dog food'	'food'	'dog'
402	0.0190761923	'find'	'dog food'	'food'	'dog'
693	0.0190761923	'pour'	'dog food'	'food'	'dog'
769	0.0190761923	'open'	'dog food'	'food'	'dog'
845	0.0190761923	'pour'	'it'	'food'	'dog'
327	0.0190653306	'get'	'bowl'	'dog food'	'dog'
451	0.017311854	'give'	'food'	'dog food'	'dog'
560	0.0166095862	'measure'	'food'	'bowl'	'dog'
663	0.0166095862	'feed'	'dog'	'bowl'	'dog'
870	0.0165661382	'give'	'bowl'	'food'	'dog'
5	0.0165644351	'call'	'dog'	'pet'	'dog'
115	0.016002165	'take'	'food'	'dog food'	'dog'
439	0.016002165	'place'	'food'	'dog food'	'dog'
931	0.0157237943	'get'	'dog food'	'dog s'	'dog'
927	0.0155384588	'get'	'dog food'	'dish'	'dog'
26	0.0140560841	'open'	'bag'	'food'	'dog'
65	0.0137263423	'find'	'measuring cup'	'dog food'	'dog'
103	0.0137263423	'feed'	'dpog'	'dog food'	'dog'
154	0.0137263423	'put'	'tin opener'	'dog food'	'dog'
191	0.0137263423	'get'	'dogs bowl'	'dog food'	'dog'
229	0.0137263423	'identify'	'dog dish'	'dog food'	'dog'
242	0.0137263423	'feed'	'dogs'	'dog food'	'dog'
339	0.0137263423	'put'	'food bag'	'dog food'	'dog'
365	0.0137263423	'poor'	'it'	'dog food'	'dog'
390	0.0137263423	'catch'	'pet dog'	'dog food'	'dog'
427	0.0137263423	'put'	'food tin'	'dog food'	'dog'
464	0.0137263423	'place'	'dog food dish'	'dog food'	'dog'
477	0.0137263423	'locate'	'dogs bowl'	'dog food'	'dog'
490	0.0137263423	'find'	'canned food'	'dog food'	'dog'
503	0.0137263423	'encourage'	'dog'	'dog food'	'dog'
516	0.0137263423	'find'	'dog dish'	'dog food'	'dog'
529	0.0137263423	'put'	'tin'	'dog food'	'dog'
565	0.0137263423	'pour'	'dry food'	'dog food'	'dog'
668	0.0137263423	'put'	'pet foods'	'dog food'	'dog'
681	0.0137263423	'find'	'dry food'	'dog food'	'dog'
719	0.0137263423	'open'	'tin'	'dog food'	'dog'
731	0.0137263423	'alert'	'dog'	'dog food'	'dog'
744	0.0137263423	'pour'	'specified quantity'	'dog food'	'dog'
757	0.0137263423	'call'	'dag'	'dog food'	'dog'
782	0.0137263423	'put'	'full food dish'	'dog food'	'dog'
795	0.0137263423	'take'	'food dish'	'dog food'	'dog'
821	0.0137263423	'get'	'tin opener'	'dog food'	'dog'
883	0.0137263423	'clean'	'dog dish'	'dog food'	'dog'
896	0.0137263423	'tip'	'bag'	'dog food'	'dog'
957	0.0137263423	'notify'	'dog'	'dog food'	'dog'
808	0.0136996172	'put'	'water'	'dog food'	'dog'
25	0.0132907321	'put'	'food'	'dog s'	'dog'
326	0.0132480272	'get'	'bowl'	'food'	'dog'
385	0.0131456555	'pour'	'food'	'bowl'	'dog'
21	0.013134075	'put'	'food'	'dish'	'dog'
4	0.0129396844	'call'	'dog'	'tin'	'dog'
325	0.0125790354	'open'	'dog food bag'	'dog s'	'dog'
321	0.0124307671	'open'	'dog food bag'	'dish'	'dog'
911	0.0121381471	'put'	'dog food'	'pet'	'dog'
179	0.011920224	'get'	'tin'	'dog food'	'dog'
352	0.011920224	'fill'	'food dish'	'dog food'	'dog'
591	0.011920224	'locate'	'dog'	'dog food'	'dog'
706	0.011920224	'take'	'pet food'	'dog food'	'dog'
8	0.0113542844	'call'	'dog'	'dogs'	'dog'
98	0.0110730574	'take'	'dog food'	'bowl'	'dog'
410	0.0110730574	'find'	'dog food'	'bowl'	'dog'
701	0.0110730574	'pour'	'dog food'	'bowl'	'dog'
777	0.0110730574	'open'	'dog food'	'bowl'	'dog'
854	0.0110730574	'pour'	'it'	'bowl'	'dog'
78	0.0108637124	'pour'	'contents'	'dog food'	'dog'
216	0.0108637124	'measure'	'correct amount'	'dog food'	'dog'
266	0.0108637124	'use'	'can opener'	'dog food'	'dog'
616	0.0108637124	'pour'	'some'	'dog food'	'dog'
629	0.0108637124	'get'	'can'	'dog food'	'dog'
858	0.0108637124	'buy'	'food'	'dog food'	'dog'
204	0.0101141056	'put'	'bowl'	'dog food'	'dog'
578	0.0101141056	'get'	'dog'	'dog food'	'dog'
642	0.0101141056	'give'	'water'	'dog food'	'dog'
297	0.0096160595	'scoop'	'food'	'bowl'	'dog'
52	0.0095380962	'identify'	'dog food'	'food'	'dog'
64	0.0095380962	'find'	'measuring cup'	'food'	'dog'
102	0.0095380962	'feed'	'dpog'	'food'	'dog'
153	0.0095380962	'put'	'tin opener'	'food'	'dog'
190	0.0095380962	'get'	'dogs bowl'	'food'	'dog'
228	0.0095380962	'identify'	'dog dish'	'food'	'dog'
241	0.0095380962	'feed'	'dogs'	'food'	'dog'
301	0.0095380962	'remove'	'dog food'	'food'	'dog'
338	0.0095380962	'put'	'food bag'	'food'	'dog'
364	0.0095380962	'poor'	'it'	'food'	'dog'
389	0.0095380962	'catch'	'pet dog'	'food'	'dog'
414	0.0095380962	'carry'	'dog food'	'food'	'dog'
426	0.0095380962	'put'	'food tin'	'food'	'dog'
463	0.0095380962	'place'	'dog food dish'	'food'	'dog'
476	0.0095380962	'locate'	'dogs bowl'	'food'	'dog'
489	0.0095380962	'find'	'canned food'	'food'	'dog'
502	0.0095380962	'encourage'	'dog'	'food'	'dog'
515	0.0095380962	'find'	'dog dish'	'food'	'dog'
528	0.0095380962	'put'	'tin'	'food'	'dog'
564	0.0095380962	'pour'	'dry food'	'food'	'dog'
667	0.0095380962	'put'	'pet foods'	'food'	'dog'
680	0.0095380962	'find'	'dry food'	'food'	'dog'
718	0.0095380962	'open'	'tin'	'food'	'dog'
730	0.0095380962	'alert'	'dog'	'food'	'dog'
743	0.0095380962	'pour'	'specified quantity'	'food'	'dog'
756	0.0095380962	'call'	'dag'	'food'	'dog'
781	0.0095380962	'put'	'full food dish'	'food'	'dog'
794	0.0095380962	'take'	'food dish'	'food'	'dog'
820	0.0095380962	'get'	'tin opener'	'food'	'dog'
882	0.0095380962	'clean'	'dog dish'	'food'	'dog'
895	0.0095380962	'tip'	'bag'	'food'	'dog'
956	0.0095380962	'notify'	'dog'	'food'	'dog'
166	0.0095326653	'carry'	'it'	'dog food'	'dog'
969	0.0095326653	'locate'	'food'	'dog food'	'dog'
807	0.0095195255	'put'	'water'	'food'	'dog'
910	0.0094819891	'put'	'dog food'	'tin'	'dog'
563	0.0094342766	'measure'	'food'	'dog s'	'dog'
666	0.0094342766	'feed'	'dog'	'dog s'	'dog'
6	0.0094062953	'call'	'dog'	'can of petfood'	'dog'
559	0.0093230753	'measure'	'food'	'dish'	'dog'
662	0.0093230753	'feed'	'dog'	'dish'	'dog'
128	0.009057594	'open'	'can'	'dog food'	'dog'
253	0.009057594	'remove'	'food'	'dog food'	'dog'
277	0.009057594	'prepare'	'food'	'dog food'	'dog'
833	0.009057594	'put'	'bag'	'dog food'	'dog'
952	0.0087746616	'get'	'food'	'bowl'	'dog'
923	0.008670105	'get'	'dog food'	'pet'	'dog'
914	0.0083202339	'put'	'dog food'	'dogs'	'dog'
541	0.0083079872	'place'	'dish'	'dog food'	'dog'
178	0.0082830691	'get'	'tin'	'food'	'dog'
351	0.0082830691	'fill'	'food dish'	'food'	'dog'
590	0.0082830691	'locate'	'dog'	'food'	'dog'
705	0.0082830691	'take'	'pet food'	'food'	'dog'
35	0.0081590615	'open'	'bag'	'bowl'	'dog'
611	0.0081590615	'open'	'food'	'bowl'	'dog'
141	0.0080010825	'add'	'water'	'dog food'	'dog'
77	0.0075489254	'pour'	'contents'	'food'	'dog'
215	0.0075489254	'measure'	'correct amount'	'food'	'dog'
265	0.0075489254	'use'	'can opener'	'food'	'dog'
615	0.0075489254	'pour'	'some'	'food'	'dog'
628	0.0075489254	'get'	'can'	'food'	'dog'
388	0.0074667574	'pour'	'food'	'dog s'	'dog'
384	0.0073787471	'pour'	'food'	'dish'	'dog'
17	0.0073285138	'put'	'food'	'pet'	'dog'
40	0.0072514756	'pour'	'water'	'dog food'	'dog'
203	0.0070280421	'put'	'bowl'	'food'	'dog'
577	0.0070280421	'get'	'dog'	'food'	'dog'
641	0.0070280421	'give'	'water'	'food'	'dog'
3	0.006997366	'call'	'dog'	'tin of dog food'	'dog'
459	0.0069827471	'give'	'food'	'bowl'	'dog'
317	0.006936084	'open'	'dog food bag'	'pet'	'dog'
11	0.0069011823	'call'	'dog'	'tin opener'	'dog'
912	0.0068927793	'put'	'dog food'	'can of petfood'	'dog'
922	0.0067728494	'get'	'dog food'	'tin'	'dog'
165	0.0066240136	'carry'	'it'	'food'	'dog'
943	0.006551913	'place'	'bowl'	'dog s'	'dog'
940	0.006474686	'place'	'bowl'	'dish'	'dog'
123	0.0064544832	'take'	'food'	'bowl'	'dog'
447	0.0064544832	'place'	'food'	'bowl'	'dog'
127	0.0062938983	'open'	'can'	'food'	'dog'
832	0.0062938983	'put'	'bag'	'food'	'dog'
101	0.0062895177	'take'	'dog food'	'dog s'	'dog'
413	0.0062895177	'find'	'dog food'	'dog s'	'dog'
704	0.0062895177	'pour'	'dog food'	'dog s'	'dog'
780	0.0062895177	'open'	'dog food'	'dog s'	'dog'
857	0.0062895177	'pour'	'it'	'dog s'	'dog'
97	0.0062153835	'take'	'dog food'	'dish'	'dog'
409	0.0062153835	'find'	'dog food'	'dish'	'dog'
700	0.0062153835	'pour'	'dog food'	'dish'	'dog'
776	0.0062153835	'open'	'dog food'	'dish'	'dog'
853	0.0062153835	'pour'	'it'	'dish'	'dog'
926	0.0059430242	'get'	'dog food'	'dogs'	'dog'
540	0.005773015	'place'	'dish'	'food'	'dog'
16	0.0057248349	'put'	'food'	'tin'	'dog'
140	0.0055597546	'add'	'water'	'food'	'dog'
60	0.0055365287	'identify'	'dog food'	'bowl'	'dog'
73	0.0055365287	'find'	'measuring cup'	'bowl'	'dog'
111	0.0055365287	'feed'	'dpog'	'bowl'	'dog'
162	0.0055365287	'put'	'tin opener'	'bowl'	'dog'
199	0.0055365287	'get'	'dogs bowl'	'bowl'	'dog'
237	0.0055365287	'identify'	'dog dish'	'bowl'	'dog'
249	0.0055365287	'feed'	'dogs'	'bowl'	'dog'
309	0.0055365287	'remove'	'dog food'	'bowl'	'dog'
347	0.0055365287	'put'	'food bag'	'bowl'	'dog'
373	0.0055365287	'poor'	'it'	'bowl'	'dog'
398	0.0055365287	'catch'	'pet dog'	'bowl'	'dog'
422	0.0055365287	'carry'	'dog food'	'bowl'	'dog'
435	0.0055365287	'put'	'food tin'	'bowl'	'dog'
472	0.0055365287	'place'	'dog food dish'	'bowl'	'dog'
485	0.0055365287	'locate'	'dogs bowl'	'bowl'	'dog'
498	0.0055365287	'find'	'canned food'	'bowl'	'dog'
511	0.0055365287	'encourage'	'dog'	'bowl'	'dog'
524	0.0055365287	'find'	'dog dish'	'bowl'	'dog'
536	0.0055365287	'put'	'tin'	'bowl'	'dog'
573	0.0055365287	'pour'	'dry food'	'bowl'	'dog'
676	0.0055365287	'put'	'pet foods'	'bowl'	'dog'
689	0.0055365287	'find'	'dry food'	'bowl'	'dog'
726	0.0055365287	'open'	'tin'	'bowl'	'dog'
739	0.0055365287	'alert'	'dog'	'bowl'	'dog'
752	0.0055365287	'pour'	'specified quantity'	'bowl'	'dog'
765	0.0055365287	'call'	'dag'	'bowl'	'dog'
790	0.0055365287	'put'	'full food dish'	'bowl'	'dog'
803	0.0055365287	'take'	'food dish'	'bowl'	'dog'
829	0.0055365287	'get'	'tin opener'	'bowl'	'dog'
891	0.0055365287	'clean'	'dog dish'	'bowl'	'dog'
904	0.0055365287	'tip'	'bag'	'bowl'	'dog'
965	0.0055365287	'notify'	'dog'	'bowl'	'dog'
816	0.0055257491	'put'	'water'	'bowl'	'dog'
300	0.0054619401	'scoop'	'food'	'dog s'	'dog'
881	0.0054619401	'give'	'bowl'	'dog s'	'dog'
316	0.0054182795	'open'	'dog food bag'	'tin'	'dog'
296	0.0053975605	'scoop'	'food'	'dish'	'dog'
878	0.0053975605	'give'	'bowl'	'dish'	'dog'
555	0.005202063	'measure'	'food'	'pet'	'dog'
658	0.005202063	'feed'	'dog'	'pet'	'dog'
909	0.0051275554	'put'	'dog food'	'tin of dog food'	'dog'
917	0.0050570735	'put'	'dog food'	'tin opener'	'dog'
39	0.0050388713	'pour'	'water'	'food'	'dog'
20	0.0050234149	'put'	'food'	'dogs'	'dog'
955	0.0049840245	'get'	'food'	'dog s'	'dog'
951	0.0049252781	'get'	'food'	'dish'	'dog'
924	0.0049234138	'get'	'dog food'	'can of petfood'	'dog'
186	0.0048080297	'get'	'tin'	'bowl'	'dog'
360	0.0048080297	'fill'	'food dish'	'bowl'	'dog'
599	0.0048080297	'locate'	'dog'	'bowl'	'dog'
714	0.0048080297	'take'	'pet food'	'bowl'	'dog'
320	0.0047544194	'open'	'dog food bag'	'dogs'	'dog'
38	0.0046343625	'open'	'bag'	'dog s'	'dog'
614	0.0046343625	'open'	'food'	'dog s'	'dog'
34	0.0045797375	'open'	'bag'	'dish'	'dog'
610	0.0045797375	'open'	'food'	'dish'	'dog'
86	0.0043818852	'pour'	'contents'	'bowl'	'dog'
224	0.0043818852	'measure'	'correct amount'	'bowl'	'dog'
274	0.0043818852	'use'	'can opener'	'bowl'	'dog'
624	0.0043818852	'pour'	'some'	'bowl'	'dog'
637	0.0043818852	'get'	'can'	'bowl'	'dog'
866	0.0043818852	'buy'	'food'	'bowl'	'dog'
337	0.004367942	'get'	'bowl'	'dog s'	'dog'
334	0.0043164573	'get'	'bowl'	'dish'	'dog'
18	0.0041615766	'put'	'food'	'can of petfood'	'dog'
380	0.0041171723	'pour'	'food'	'pet'	'dog'
586	0.0040795308	'get'	'dog'	'bowl'	'dog'
650	0.0040795308	'give'	'water'	'bowl'	'dog'
554	0.0040637096	'measure'	'food'	'tin'	'dog'
657	0.0040637096	'feed'	'dog'	'tin'	'dog'
462	0.0039662136	'give'	'food'	'dog s'	'dog'
318	0.003938731	'open'	'dog food bag'	'can of petfood'	'dog'
458	0.0039194641	'give'	'food'	'dish'	'dog'
174	0.0038450065	'carry'	'it'	'bowl'	'dog'
977	0.0038450065	'locate'	'food'	'bowl'	'dog'
126	0.0036661588	'take'	'food'	'dog s'	'dog'
450	0.0036661588	'place'	'food'	'dog s'	'dog'
921	0.0036625395	'get'	'dog food'	'tin of dog food'	'dog'
136	0.0036533862	'open'	'can'	'bowl'	'dog'
261	0.0036533862	'remove'	'food'	'bowl'	'dog'
285	0.0036533862	'prepare'	'food'	'bowl'	'dog'
841	0.0036533862	'put'	'bag'	'bowl'	'dog'
122	0.003622946	'take'	'food'	'dish'	'dog'
446	0.003622946	'place'	'food'	'dish'	'dog'
936	0.0036127269	'place'	'bowl'	'pet'	'dog'
929	0.0036121954	'get'	'dog food'	'tin opener'	'dog'
558	0.0035658145	'measure'	'food'	'dogs'	'dog'
661	0.0035658145	'feed'	'dog'	'dogs'	'dog'
93	0.003468042	'take'	'dog food'	'pet'	'dog'
405	0.003468042	'find'	'dog food'	'pet'	'dog'
696	0.003468042	'pour'	'dog food'	'pet'	'dog'
772	0.003468042	'open'	'dog food'	'pet'	'dog'
849	0.003468042	'pour'	'it'	'pet'	'dog'
7	0.003377986	'call'	'dog'	'floor'	'dog'
548	0.0033510318	'place'	'dish'	'bowl'	'dog'
149	0.0032272416	'add'	'water'	'bowl'	'dog'
379	0.0032162226	'pour'	'food'	'tin'	'dog'
63	0.0031447589	'identify'	'dog food'	'dog s'	'dog'
76	0.0031447589	'find'	'measuring cup'	'dog s'	'dog'
114	0.0031447589	'feed'	'dpog'	'dog s'	'dog'
164	0.0031447589	'put'	'tin opener'	'dog s'	'dog'
202	0.0031447589	'get'	'dogs bowl'	'dog s'	'dog'
240	0.0031447589	'identify'	'dog dish'	'dog s'	'dog'
252	0.0031447589	'feed'	'dogs'	'dog s'	'dog'
312	0.0031447589	'remove'	'dog food'	'dog s'	'dog'
350	0.0031447589	'put'	'food bag'	'dog s'	'dog'
376	0.0031447589	'poor'	'it'	'dog s'	'dog'
401	0.0031447589	'catch'	'pet dog'	'dog s'	'dog'
425	0.0031447589	'carry'	'dog food'	'dog s'	'dog'
438	0.0031447589	'put'	'food tin'	'dog s'	'dog'
475	0.0031447589	'place'	'dog food dish'	'dog s'	'dog'
488	0.0031447589	'locate'	'dogs bowl'	'dog s'	'dog'
501	0.0031447589	'find'	'canned food'	'dog s'	'dog'
514	0.0031447589	'encourage'	'dog'	'dog s'	'dog'
527	0.0031447589	'find'	'dog dish'	'dog s'	'dog'
539	0.0031447589	'put'	'tin'	'dog s'	'dog'
576	0.0031447589	'pour'	'dry food'	'dog s'	'dog'
679	0.0031447589	'put'	'pet foods'	'dog s'	'dog'
692	0.0031447589	'find'	'dry food'	'dog s'	'dog'
729	0.0031447589	'open'	'tin'	'dog s'	'dog'
742	0.0031447589	'alert'	'dog'	'dog s'	'dog'
755	0.0031447589	'pour'	'specified quantity'	'dog s'	'dog'
768	0.0031447589	'call'	'dag'	'dog s'	'dog'
793	0.0031447589	'put'	'full food dish'	'dog s'	'dog'
806	0.0031447589	'take'	'food dish'	'dog s'	'dog'
831	0.0031447589	'get'	'tin opener'	'dog s'	'dog'
894	0.0031447589	'clean'	'dog dish'	'dog s'	'dog'
907	0.0031447589	'tip'	'bag'	'dog s'	'dog'
968	0.0031447589	'notify'	'dog'	'dog s'	'dog'
819	0.003138636	'put'	'water'	'dog s'	'dog'
59	0.0031076918	'identify'	'dog food'	'dish'	'dog'
72	0.0031076918	'find'	'measuring cup'	'dish'	'dog'
110	0.0031076918	'feed'	'dpog'	'dish'	'dog'
161	0.0031076918	'put'	'tin opener'	'dish'	'dog'
198	0.0031076918	'get'	'dogs bowl'	'dish'	'dog'
236	0.0031076918	'identify'	'dog dish'	'dish'	'dog'
248	0.0031076918	'feed'	'dogs'	'dish'	'dog'
308	0.0031076918	'remove'	'dog food'	'dish'	'dog'
346	0.0031076918	'put'	'food bag'	'dish'	'dog'
372	0.0031076918	'poor'	'it'	'dish'	'dog'
397	0.0031076918	'catch'	'pet dog'	'dish'	'dog'
421	0.0031076918	'carry'	'dog food'	'dish'	'dog'
434	0.0031076918	'put'	'food tin'	'dish'	'dog'
471	0.0031076918	'place'	'dog food dish'	'dish'	'dog'
484	0.0031076918	'locate'	'dogs bowl'	'dish'	'dog'
497	0.0031076918	'find'	'canned food'	'dish'	'dog'
510	0.0031076918	'encourage'	'dog'	'dish'	'dog'
523	0.0031076918	'find'	'dog dish'	'dish'	'dog'
535	0.0031076918	'put'	'tin'	'dish'	'dog'
572	0.0031076918	'pour'	'dry food'	'dish'	'dog'
675	0.0031076918	'put'	'pet foods'	'dish'	'dog'
688	0.0031076918	'find'	'dry food'	'dish'	'dog'
725	0.0031076918	'open'	'tin'	'dish'	'dog'
738	0.0031076918	'alert'	'dog'	'dish'	'dog'
751	0.0031076918	'pour'	'specified quantity'	'dish'	'dog'
764	0.0031076918	'call'	'dag'	'dish'	'dog'
789	0.0031076918	'put'	'full food dish'	'dish'	'dog'
802	0.0031076918	'take'	'food dish'	'dish'	'dog'
828	0.0031076918	'get'	'tin opener'	'dish'	'dog'
890	0.0031076918	'clean'	'dog dish'	'dish'	'dog'
903	0.0031076918	'tip'	'bag'	'dish'	'dog'
964	0.0031076918	'notify'	'dog'	'dish'	'dog'
815	0.0031016411	'put'	'water'	'dish'	'dog'
15	0.003095807	'put'	'food'	'tin of dog food'	'dog'
23	0.0030532529	'put'	'food'	'tin opener'	'dog'
292	0.0030117155	'scoop'	'food'	'pet'	'dog'
874	0.0030117155	'give'	'bowl'	'pet'	'dog'
556	0.0029540483	'measure'	'food'	'can of petfood'	'dog'
659	0.0029540483	'feed'	'dog'	'can of petfood'	'dog'
315	0.0029300316	'open'	'dog food bag'	'tin of dog food'	'dog'
48	0.0029248872	'pour'	'water'	'bowl'	'dog'
323	0.0028897563	'open'	'dog food bag'	'tin opener'	'dog'
935	0.0028221636	'place'	'bowl'	'tin'	'dog'
383	0.0028221636	'pour'	'food'	'dogs'	'dog'
947	0.0027481927	'get'	'food'	'pet'	'dog'
189	0.0027309701	'get'	'tin'	'dog s'	'dog'
363	0.0027309701	'fill'	'food dish'	'dog s'	'dog'
602	0.0027309701	'locate'	'dog'	'dog s'	'dog'
717	0.0027309701	'take'	'pet food'	'dog s'	'dog'
92	0.0027091397	'take'	'dog food'	'tin'	'dog'
404	0.0027091397	'find'	'dog food'	'tin'	'dog'
695	0.0027091397	'pour'	'dog food'	'tin'	'dog'
771	0.0027091397	'open'	'dog food'	'tin'	'dog'
848	0.0027091397	'pour'	'it'	'tin'	'dog'
185	0.0026987803	'get'	'tin'	'dish'	'dog'
359	0.0026987803	'fill'	'food dish'	'dish'	'dog'
598	0.0026987803	'locate'	'dog'	'dish'	'dog'
713	0.0026987803	'take'	'pet food'	'dish'	'dog'
30	0.0025553889	'open'	'bag'	'pet'	'dog'
606	0.0025553889	'open'	'food'	'pet'	'dog'
12	0.0025425304	'call'	'dog'	'can opener'	'dog'
89	0.0024889191	'pour'	'contents'	'dog s'	'dog'
227	0.0024889191	'measure'	'correct amount'	'dog s'	'dog'
276	0.0024889191	'use'	'can opener'	'dog s'	'dog'
627	0.0024889191	'pour'	'some'	'dog s'	'dog'
640	0.0024889191	'get'	'can'	'dog s'	'dog'
869	0.0024889191	'buy'	'food'	'dog s'	'dog'
939	0.0024763856	'place'	'bowl'	'dogs'	'dog'
913	0.0024753329	'put'	'dog food'	'floor'	'dog'
85	0.0024595824	'pour'	'contents'	'dish'	'dog'
223	0.0024595824	'measure'	'correct amount'	'dish'	'dog'
273	0.0024595824	'use'	'can opener'	'dish'	'dog'
623	0.0024595824	'pour'	'some'	'dish'	'dog'
636	0.0024595824	'get'	'can'	'dish'	'dog'
865	0.0024595824	'buy'	'food'	'dish'	'dog'
330	0.0024084846	'get'	'bowl'	'pet'	'dog'
96	0.0023772097	'take'	'dog food'	'dogs'	'dog'
408	0.0023772097	'find'	'dog food'	'dogs'	'dog'
699	0.0023772097	'pour'	'dog food'	'dogs'	'dog'
775	0.0023772097	'open'	'dog food'	'dogs'	'dog'
852	0.0023772097	'pour'	'it'	'dogs'	'dog'
291	0.0023526699	'scoop'	'food'	'tin'	'dog'
873	0.0023526699	'give'	'bowl'	'tin'	'dog'
381	0.0023379813	'pour'	'food'	'can of petfood'	'dog'
214	0.0023171812	'put'	'bowl'	'dog s'	'dog'
589	0.0023171812	'get'	'dog'	'dog s'	'dog'
653	0.0023171812	'give'	'water'	'dog s'	'dog'
211	0.0022898688	'put'	'bowl'	'dish'	'dog'
585	0.0022898688	'get'	'dog'	'dish'	'dog'
649	0.0022898688	'give'	'water'	'dish'	'dog'
553	0.0021975237	'measure'	'food'	'tin of dog food'	'dog'
656	0.0021975237	'feed'	'dog'	'tin of dog food'	'dog'
454	0.0021869714	'give'	'food'	'pet'	'dog'
177	0.002183971	'carry'	'it'	'dog s'	'dog'
980	0.002183971	'locate'	'food'	'dog s'	'dog'
561	0.0021673172	'measure'	'food'	'tin opener'	'dog'
664	0.0021673172	'feed'	'dog'	'tin opener'	'dog'
173	0.0021582287	'carry'	'it'	'dish'	'dog'
976	0.0021582287	'locate'	'food'	'dish'	'dog'
946	0.0021468131	'get'	'food'	'tin'	'dog'
139	0.0020751303	'open'	'can'	'dog s'	'dog'
264	0.0020751303	'remove'	'food'	'dog s'	'dog'
288	0.0020751303	'prepare'	'food'	'dog s'	'dog'
844	0.0020751303	'put'	'bag'	'dog s'	'dog'
295	0.0020644154	'scoop'	'food'	'dogs'	'dog'
877	0.0020644154	'give'	'bowl'	'dogs'	'dog'
937	0.0020515264	'place'	'bowl'	'can of petfood'	'dog'
135	0.0020506709	'open'	'can'	'dish'	'dog'
260	0.0020506709	'remove'	'food'	'dish'	'dog'
284	0.0020506709	'prepare'	'food'	'dish'	'dog'
840	0.0020506709	'put'	'bag'	'dish'	'dog'
118	0.0020215211	'take'	'food'	'pet'	'dog'
442	0.0020215211	'place'	'food'	'pet'	'dog'
29	0.0019962001	'open'	'bag'	'tin'	'dog'
605	0.0019962001	'open'	'food'	'tin'	'dog'
94	0.0019693655	'take'	'dog food'	'can of petfood'	'dog'
406	0.0019693655	'find'	'dog food'	'can of petfood'	'dog'
697	0.0019693655	'pour'	'dog food'	'can of petfood'	'dog'
773	0.0019693655	'open'	'dog food'	'can of petfood'	'dog'
850	0.0019693655	'pour'	'it'	'can of petfood'	'dog'
551	0.0019033924	'place'	'dish'	'dog s'	'dog'
950	0.0018837806	'get'	'food'	'dogs'	'dog'
329	0.0018814424	'get'	'bowl'	'tin'	'dog'
918	0.0018631247	'put'	'dog food'	'can opener'	'dog'
152	0.0018330794	'add'	'water'	'dog s'	'dog'
148	0.001811473	'add'	'water'	'dish'	'dog'
925	0.0017680949	'get'	'dog food'	'floor'	'dog'
33	0.001751621	'open'	'bag'	'dogs'	'dog'
609	0.001751621	'open'	'food'	'dogs'	'dog'
378	0.00173923	'pour'	'food'	'tin of dog food'	'dog'
55	0.001734021	'identify'	'dog food'	'pet'	'dog'
68	0.001734021	'find'	'measuring cup'	'pet'	'dog'
106	0.001734021	'feed'	'dpog'	'pet'	'dog'
157	0.001734021	'put'	'tin opener'	'pet'	'dog'
194	0.001734021	'get'	'dogs bowl'	'pet'	'dog'
232	0.001734021	'identify'	'dog dish'	'pet'	'dog'
245	0.001734021	'feed'	'dogs'	'pet'	'dog'
304	0.001734021	'remove'	'dog food'	'pet'	'dog'
342	0.001734021	'put'	'food bag'	'pet'	'dog'
368	0.001734021	'poor'	'it'	'pet'	'dog'
393	0.001734021	'catch'	'pet dog'	'pet'	'dog'
417	0.001734021	'carry'	'dog food'	'pet'	'dog'
430	0.001734021	'put'	'food tin'	'pet'	'dog'
467	0.001734021	'place'	'dog food dish'	'pet'	'dog'
480	0.001734021	'locate'	'dogs bowl'	'pet'	'dog'
493	0.001734021	'find'	'canned food'	'pet'	'dog'
506	0.001734021	'encourage'	'dog'	'pet'	'dog'
519	0.001734021	'find'	'dog dish'	'pet'	'dog'
531	0.001734021	'put'	'tin'	'pet'	'dog'
568	0.001734021	'pour'	'dry food'	'pet'	'dog'
671	0.001734021	'put'	'pet foods'	'pet'	'dog'
684	0.001734021	'find'	'dry food'	'pet'	'dog'
721	0.001734021	'open'	'tin'	'pet'	'dog'
734	0.001734021	'alert'	'dog'	'pet'	'dog'
747	0.001734021	'pour'	'specified quantity'	'pet'	'dog'
760	0.001734021	'call'	'dag'	'pet'	'dog'
785	0.001734021	'put'	'full food dish'	'pet'	'dog'
798	0.001734021	'take'	'food dish'	'pet'	'dog'
824	0.001734021	'get'	'tin opener'	'pet'	'dog'
886	0.001734021	'clean'	'dog dish'	'pet'	'dog'
899	0.001734021	'tip'	'bag'	'pet'	'dog'
960	0.001734021	'notify'	'dog'	'pet'	'dog'
811	0.0017306449	'put'	'water'	'pet'	'dog'
386	0.001715323	'pour'	'food'	'tin opener'	'dog'
293	0.0017102355	'scoop'	'food'	'can of petfood'	'dog'
875	0.0017102355	'give'	'bowl'	'can of petfood'	'dog'
453	0.0017084024	'give'	'food'	'tin'	'dog'
51	0.0016613415	'pour'	'water'	'dog s'	'dog'
333	0.0016509237	'get'	'bowl'	'dogs'	'dog'
47	0.0016417594	'pour'	'water'	'dish'	'dog'
117	0.0015791571	'take'	'food'	'tin'	'dog'
441	0.0015791571	'place'	'food'	'tin'	'dog'
948	0.0015605912	'get'	'food'	'can of petfood'	'dog'
934	0.0015261355	'place'	'bowl'	'tin of dog food'	'dog'
181	0.0015058577	'get'	'tin'	'pet'	'dog'
355	0.0015058577	'fill'	'food dish'	'pet'	'dog'
594	0.0015058577	'locate'	'dog'	'pet'	'dog'
709	0.0015058577	'take'	'pet food'	'pet'	'dog'
941	0.0015051577	'place'	'bowl'	'tin opener'	'dog'
457	0.001499085	'give'	'food'	'dogs'	'dog'
19	0.0014945041	'put'	'food'	'floor'	'dog'
91	0.0014650158	'take'	'dog food'	'tin of dog food'	'dog'
403	0.0014650158	'find'	'dog food'	'tin of dog food'	'dog'
694	0.0014650158	'pour'	'dog food'	'tin of dog food'	'dog'
770	0.0014650158	'open'	'dog food'	'tin of dog food'	'dog'
847	0.0014650158	'pour'	'it'	'tin of dog food'	'dog'
31	0.0014511055	'open'	'bag'	'can of petfood'	'dog'
607	0.0014511055	'open'	'food'	'can of petfood'	'dog'
99	0.0014448781	'take'	'dog food'	'tin opener'	'dog'
411	0.0014448781	'find'	'dog food'	'tin opener'	'dog'
702	0.0014448781	'pour'	'dog food'	'tin opener'	'dog'
778	0.0014448781	'open'	'dog food'	'tin opener'	'dog'
855	0.0014448781	'pour'	'it'	'tin opener'	'dog'
319	0.0014144759	'open'	'dog food bag'	'floor'	'dog'
121	0.0013856751	'take'	'food'	'dogs'	'dog'
445	0.0013856751	'place'	'food'	'dogs'	'dog'
81	0.0013723908	'pour'	'contents'	'pet'	'dog'
219	0.0013723908	'measure'	'correct amount'	'pet'	'dog'
269	0.0013723908	'use'	'can opener'	'pet'	'dog'
619	0.0013723908	'pour'	'some'	'pet'	'dog'
632	0.0013723908	'get'	'can'	'pet'	'dog'
861	0.0013723908	'buy'	'food'	'pet'	'dog'
331	0.0013676843	'get'	'bowl'	'can of petfood'	'dog'
54	0.0013545699	'identify'	'dog food'	'tin'	'dog'
67	0.0013545699	'find'	'measuring cup'	'tin'	'dog'
105	0.0013545699	'feed'	'dpog'	'tin'	'dog'
156	0.0013545699	'put'	'tin opener'	'tin'	'dog'
193	0.0013545699	'get'	'dogs bowl'	'tin'	'dog'
231	0.0013545699	'identify'	'dog dish'	'tin'	'dog'
244	0.0013545699	'feed'	'dogs'	'tin'	'dog'
303	0.0013545699	'remove'	'dog food'	'tin'	'dog'
341	0.0013545699	'put'	'food bag'	'tin'	'dog'
367	0.0013545699	'poor'	'it'	'tin'	'dog'
392	0.0013545699	'catch'	'pet dog'	'tin'	'dog'
416	0.0013545699	'carry'	'dog food'	'tin'	'dog'
429	0.0013545699	'put'	'food tin'	'tin'	'dog'
466	0.0013545699	'place'	'dog food dish'	'tin'	'dog'
479	0.0013545699	'locate'	'dogs bowl'	'tin'	'dog'
492	0.0013545699	'find'	'canned food'	'tin'	'dog'
505	0.0013545699	'encourage'	'dog'	'tin'	'dog'
518	0.0013545699	'find'	'dog dish'	'tin'	'dog'
567	0.0013545699	'pour'	'dry food'	'tin'	'dog'
670	0.0013545699	'put'	'pet foods'	'tin'	'dog'
683	0.0013545699	'find'	'dry food'	'tin'	'dog'
733	0.0013545699	'alert'	'dog'	'tin'	'dog'
746	0.0013545699	'pour'	'specified quantity'	'tin'	'dog'
759	0.0013545699	'call'	'dag'	'tin'	'dog'
784	0.0013545699	'put'	'full food dish'	'tin'	'dog'
797	0.0013545699	'take'	'food dish'	'tin'	'dog'
823	0.0013545699	'get'	'tin opener'	'tin'	'dog'
885	0.0013545699	'clean'	'dog dish'	'tin'	'dog'
898	0.0013545699	'tip'	'bag'	'tin'	'dog'
959	0.0013545699	'notify'	'dog'	'tin'	'dog'
810	0.0013519325	'put'	'water'	'tin'	'dog'
930	0.0013308034	'get'	'dog food'	'can opener'	'dog'
207	0.0012776945	'put'	'bowl'	'pet'	'dog'
581	0.0012776945	'get'	'dog'	'pet'	'dog'
645	0.0012776945	'give'	'water'	'pet'	'dog'
290	0.0012722484	'scoop'	'food'	'tin of dog food'	'dog'
872	0.0012722484	'give'	'bowl'	'tin of dog food'	'dog'
298	0.0012547604	'scoop'	'food'	'tin opener'	'dog'
879	0.0012547604	'give'	'bowl'	'tin opener'	'dog'
455	0.0012418956	'give'	'food'	'can of petfood'	'dog'
169	0.0012042423	'carry'	'it'	'pet'	'dog'
972	0.0012042423	'locate'	'food'	'pet'	'dog'
58	0.0011886048	'identify'	'dog food'	'dogs'	'dog'
71	0.0011886048	'find'	'measuring cup'	'dogs'	'dog'
109	0.0011886048	'feed'	'dpog'	'dogs'	'dog'
160	0.0011886048	'put'	'tin opener'	'dogs'	'dog'
197	0.0011886048	'get'	'dogs bowl'	'dogs'	'dog'
235	0.0011886048	'identify'	'dog dish'	'dogs'	'dog'
307	0.0011886048	'remove'	'dog food'	'dogs'	'dog'
345	0.0011886048	'put'	'food bag'	'dogs'	'dog'
371	0.0011886048	'poor'	'it'	'dogs'	'dog'
396	0.0011886048	'catch'	'pet dog'	'dogs'	'dog'
420	0.0011886048	'carry'	'dog food'	'dogs'	'dog'
433	0.0011886048	'put'	'food tin'	'dogs'	'dog'
470	0.0011886048	'place'	'dog food dish'	'dogs'	'dog'
483	0.0011886048	'locate'	'dogs bowl'	'dogs'	'dog'
496	0.0011886048	'find'	'canned food'	'dogs'	'dog'
509	0.0011886048	'encourage'	'dog'	'dogs'	'dog'
522	0.0011886048	'find'	'dog dish'	'dogs'	'dog'
534	0.0011886048	'put'	'tin'	'dogs'	'dog'
571	0.0011886048	'pour'	'dry food'	'dogs'	'dog'
674	0.0011886048	'put'	'pet foods'	'dogs'	'dog'
687	0.0011886048	'find'	'dry food'	'dogs'	'dog'
724	0.0011886048	'open'	'tin'	'dogs'	'dog'
737	0.0011886048	'alert'	'dog'	'dogs'	'dog'
750	0.0011886048	'pour'	'specified quantity'	'dogs'	'dog'
763	0.0011886048	'call'	'dag'	'dogs'	'dog'
788	0.0011886048	'put'	'full food dish'	'dogs'	'dog'
801	0.0011886048	'take'	'food dish'	'dogs'	'dog'
827	0.0011886048	'get'	'tin opener'	'dogs'	'dog'
889	0.0011886048	'clean'	'dog dish'	'dogs'	'dog'
902	0.0011886048	'tip'	'bag'	'dogs'	'dog'
963	0.0011886048	'notify'	'dog'	'dogs'	'dog'
814	0.0011862906	'put'	'water'	'dogs'	'dog'
354	0.0011763349	'fill'	'food dish'	'tin'	'dog'
593	0.0011763349	'locate'	'dog'	'tin'	'dog'
708	0.0011763349	'take'	'pet food'	'tin'	'dog'
945	0.0011609276	'get'	'food'	'tin of dog food'	'dog'
119	0.0011479428	'take'	'food'	'can of petfood'	'dog'
443	0.0011479428	'place'	'food'	'can of petfood'	'dog'
953	0.0011449698	'get'	'food'	'tin opener'	'dog'
131	0.0011442275	'open'	'can'	'pet'	'dog'
256	0.0011442275	'remove'	'food'	'pet'	'dog'
280	0.0011442275	'prepare'	'food'	'pet'	'dog'
836	0.0011442275	'put'	'bag'	'pet'	'dog'
24	0.001124878	'put'	'food'	'can opener'	'dog'
28	0.0010794809	'open'	'bag'	'tin of dog food'	'dog'
604	0.0010794809	'open'	'food'	'tin of dog food'	'dog'
80	0.0010720742	'pour'	'contents'	'tin'	'dog'
218	0.0010720742	'measure'	'correct amount'	'tin'	'dog'
268	0.0010720742	'use'	'can opener'	'tin'	'dog'
618	0.0010720742	'pour'	'some'	'tin'	'dog'
631	0.0010720742	'get'	'can'	'tin'	'dog'
860	0.0010720742	'buy'	'food'	'tin'	'dog'
36	0.0010646427	'open'	'bag'	'tin opener'	'dog'
324	0.0010646427	'open'	'dog food bag'	'can opener'	'dog'
612	0.0010646427	'open'	'food'	'tin opener'	'dog'
557	0.0010608569	'measure'	'food'	'floor'	'dog'
660	0.0010608569	'feed'	'dog'	'floor'	'dog'
544	0.0010495312	'place'	'dish'	'pet'	'dog'
184	0.0010322077	'get'	'tin'	'dogs'	'dog'
358	0.0010322077	'fill'	'food dish'	'dogs'	'dog'
597	0.0010322077	'locate'	'dog'	'dogs'	'dog'
712	0.0010322077	'take'	'pet food'	'dogs'	'dog'
328	0.0010174237	'get'	'bowl'	'tin of dog food'	'dog'
144	0.0010107605	'add'	'water'	'pet'	'dog'
335	0.0010034385	'get'	'bowl'	'tin opener'	'dog'
206	0.0009981	'put'	'bowl'	'tin'	'dog'
580	0.0009981	'get'	'dog'	'tin'	'dog'
644	0.0009981	'give'	'water'	'tin'	'dog'
56	0.0009846828	'identify'	'dog food'	'can of petfood'	'dog'
69	0.0009846828	'find'	'measuring cup'	'can of petfood'	'dog'
107	0.0009846828	'feed'	'dpog'	'can of petfood'	'dog'
158	0.0009846828	'put'	'tin opener'	'can of petfood'	'dog'
195	0.0009846828	'get'	'dogs bowl'	'can of petfood'	'dog'
233	0.0009846828	'identify'	'dog dish'	'can of petfood'	'dog'
246	0.0009846828	'feed'	'dogs'	'can of petfood'	'dog'
305	0.0009846828	'remove'	'dog food'	'can of petfood'	'dog'
343	0.0009846828	'put'	'food bag'	'can of petfood'	'dog'
369	0.0009846828	'poor'	'it'	'can of petfood'	'dog'
394	0.0009846828	'catch'	'pet dog'	'can of petfood'	'dog'
418	0.0009846828	'carry'	'dog food'	'can of petfood'	'dog'
431	0.0009846828	'put'	'food tin'	'can of petfood'	'dog'
468	0.0009846828	'place'	'dog food dish'	'can of petfood'	'dog'
481	0.0009846828	'locate'	'dogs bowl'	'can of petfood'	'dog'
494	0.0009846828	'find'	'canned food'	'can of petfood'	'dog'
507	0.0009846828	'encourage'	'dog'	'can of petfood'	'dog'
520	0.0009846828	'find'	'dog dish'	'can of petfood'	'dog'
532	0.0009846828	'put'	'tin'	'can of petfood'	'dog'
569	0.0009846828	'pour'	'dry food'	'can of petfood'	'dog'
672	0.0009846828	'put'	'pet foods'	'can of petfood'	'dog'
685	0.0009846828	'find'	'dry food'	'can of petfood'	'dog'
722	0.0009846828	'open'	'tin'	'can of petfood'	'dog'
735	0.0009846828	'alert'	'dog'	'can of petfood'	'dog'
748	0.0009846828	'pour'	'specified quantity'	'can of petfood'	'dog'
761	0.0009846828	'call'	'dag'	'can of petfood'	'dog'
786	0.0009846828	'put'	'full food dish'	'can of petfood'	'dog'
799	0.0009846828	'take'	'food dish'	'can of petfood'	'dog'
825	0.0009846828	'get'	'tin opener'	'can of petfood'	'dog'
887	0.0009846828	'clean'	'dog dish'	'can of petfood'	'dog'
900	0.0009846828	'tip'	'bag'	'can of petfood'	'dog'
961	0.0009846828	'notify'	'dog'	'can of petfood'	'dog'
812	0.0009827656	'put'	'water'	'can of petfood'	'dog'
168	0.0009407212	'carry'	'it'	'tin'	'dog'
971	0.0009407212	'locate'	'food'	'tin'	'dog'
84	0.0009407212	'pour'	'contents'	'dogs'	'dog'
222	0.0009407212	'measure'	'correct amount'	'dogs'	'dog'
272	0.0009407212	'use'	'can opener'	'dogs'	'dog'
622	0.0009407212	'pour'	'some'	'dogs'	'dog'
635	0.0009407212	'get'	'can'	'dogs'	'dog'
864	0.0009407212	'buy'	'food'	'dogs'	'dog'
452	0.0009238492	'give'	'food'	'tin of dog food'	'dog'
43	0.0009160642	'pour'	'water'	'pet'	'dog'
460	0.0009111502	'give'	'food'	'tin opener'	'dog'
130	0.0008938393	'open'	'can'	'tin'	'dog'
255	0.0008938393	'remove'	'food'	'tin'	'dog'
279	0.0008938393	'prepare'	'food'	'tin'	'dog'
835	0.0008938393	'put'	'bag'	'tin'	'dog'
210	0.0008758105	'put'	'bowl'	'dogs'	'dog'
584	0.0008758105	'get'	'dog'	'dogs'	'dog'
648	0.0008758105	'give'	'water'	'dogs'	'dog'
182	0.0008551178	'get'	'tin'	'can of petfood'	'dog'
356	0.0008551178	'fill'	'food dish'	'can of petfood'	'dog'
595	0.0008551178	'locate'	'dog'	'can of petfood'	'dog'
710	0.0008551178	'take'	'pet food'	'can of petfood'	'dog'
116	0.0008539575	'take'	'food'	'tin of dog food'	'dog'
440	0.0008539575	'place'	'food'	'tin of dog food'	'dog'
124	0.0008422192	'take'	'food'	'tin opener'	'dog'
448	0.0008422192	'place'	'food'	'tin opener'	'dog'
382	0.0008396151	'pour'	'food'	'floor'	'dog'
172	0.0008254619	'carry'	'it'	'dogs'	'dog'
975	0.0008254619	'locate'	'food'	'dogs'	'dog'
543	0.0008198651	'place'	'dish'	'tin'	'dog'
562	0.000798482	'measure'	'food'	'can opener'	'dog'
665	0.000798482	'feed'	'dog'	'can opener'	'dog'
143	0.0007895785	'add'	'water'	'tin'	'dog'
134	0.000784324	'open'	'can'	'dogs'	'dog'
259	0.000784324	'remove'	'food'	'dogs'	'dog'
283	0.000784324	'prepare'	'food'	'dogs'	'dog'
839	0.000784324	'put'	'bag'	'dogs'	'dog'
82	0.0007793271	'pour'	'contents'	'can of petfood'	'dog'
220	0.0007793271	'measure'	'correct amount'	'can of petfood'	'dog'
270	0.0007793271	'use'	'can opener'	'can of petfood'	'dog'
620	0.0007793271	'pour'	'some'	'can of petfood'	'dog'
633	0.0007793271	'get'	'can'	'can of petfood'	'dog'
862	0.0007793271	'buy'	'food'	'can of petfood'	'dog'
938	0.0007367436	'place'	'bowl'	'floor'	'dog'
53	0.0007325079	'identify'	'dog food'	'tin of dog food'	'dog'
66	0.0007325079	'find'	'measuring cup'	'tin of dog food'	'dog'
104	0.0007325079	'feed'	'dpog'	'tin of dog food'	'dog'
155	0.0007325079	'put'	'tin opener'	'tin of dog food'	'dog'
192	0.0007325079	'get'	'dogs bowl'	'tin of dog food'	'dog'
230	0.0007325079	'identify'	'dog dish'	'tin of dog food'	'dog'
243	0.0007325079	'feed'	'dogs'	'tin of dog food'	'dog'
302	0.0007325079	'remove'	'dog food'	'tin of dog food'	'dog'
340	0.0007325079	'put'	'food bag'	'tin of dog food'	'dog'
366	0.0007325079	'poor'	'it'	'tin of dog food'	'dog'
391	0.0007325079	'catch'	'pet dog'	'tin of dog food'	'dog'
415	0.0007325079	'carry'	'dog food'	'tin of dog food'	'dog'
428	0.0007325079	'put'	'food tin'	'tin of dog food'	'dog'
465	0.0007325079	'place'	'dog food dish'	'tin of dog food'	'dog'
478	0.0007325079	'locate'	'dogs bowl'	'tin of dog food'	'dog'
491	0.0007325079	'find'	'canned food'	'tin of dog food'	'dog'
504	0.0007325079	'encourage'	'dog'	'tin of dog food'	'dog'
517	0.0007325079	'find'	'dog dish'	'tin of dog food'	'dog'
530	0.0007325079	'put'	'tin'	'tin of dog food'	'dog'
566	0.0007325079	'pour'	'dry food'	'tin of dog food'	'dog'
669	0.0007325079	'put'	'pet foods'	'tin of dog food'	'dog'
682	0.0007325079	'find'	'dry food'	'tin of dog food'	'dog'
720	0.0007325079	'open'	'tin'	'tin of dog food'	'dog'
732	0.0007325079	'alert'	'dog'	'tin of dog food'	'dog'
745	0.0007325079	'pour'	'specified quantity'	'tin of dog food'	'dog'
758	0.0007325079	'call'	'dag'	'tin of dog food'	'dog'
783	0.0007325079	'put'	'full food dish'	'tin of dog food'	'dog'
796	0.0007325079	'take'	'food dish'	'tin of dog food'	'dog'
822	0.0007325079	'get'	'tin opener'	'tin of dog food'	'dog'
884	0.0007325079	'clean'	'dog dish'	'tin of dog food'	'dog'
897	0.0007325079	'tip'	'bag'	'tin of dog food'	'dog'
958	0.0007325079	'notify'	'dog'	'tin of dog food'	'dog'
809	0.0007310817	'put'	'water'	'tin of dog food'	'dog'
208	0.0007255527	'put'	'bowl'	'can of petfood'	'dog'
582	0.0007255527	'get'	'dog'	'can of petfood'	'dog'
646	0.0007255527	'give'	'water'	'can of petfood'	'dog'
61	0.0007224391	'identify'	'dog food'	'tin opener'	'dog'
74	0.0007224391	'find'	'measuring cup'	'tin opener'	'dog'
112	0.0007224391	'feed'	'dpog'	'tin opener'	'dog'
200	0.0007224391	'get'	'dogs bowl'	'tin opener'	'dog'
238	0.0007224391	'identify'	'dog dish'	'tin opener'	'dog'
250	0.0007224391	'feed'	'dogs'	'tin opener'	'dog'
310	0.0007224391	'remove'	'dog food'	'tin opener'	'dog'
348	0.0007224391	'put'	'food bag'	'tin opener'	'dog'
374	0.0007224391	'poor'	'it'	'tin opener'	'dog'
399	0.0007224391	'catch'	'pet dog'	'tin opener'	'dog'
423	0.0007224391	'carry'	'dog food'	'tin opener'	'dog'
436	0.0007224391	'put'	'food tin'	'tin opener'	'dog'
473	0.0007224391	'place'	'dog food dish'	'tin opener'	'dog'
486	0.0007224391	'locate'	'dogs bowl'	'tin opener'	'dog'
499	0.0007224391	'find'	'canned food'	'tin opener'	'dog'
512	0.0007224391	'encourage'	'dog'	'tin opener'	'dog'
525	0.0007224391	'find'	'dog dish'	'tin opener'	'dog'
537	0.0007224391	'put'	'tin'	'tin opener'	'dog'
574	0.0007224391	'pour'	'dry food'	'tin opener'	'dog'
677	0.0007224391	'put'	'pet foods'	'tin opener'	'dog'
690	0.0007224391	'find'	'dry food'	'tin opener'	'dog'
727	0.0007224391	'open'	'tin'	'tin opener'	'dog'
740	0.0007224391	'alert'	'dog'	'tin opener'	'dog'
753	0.0007224391	'pour'	'specified quantity'	'tin opener'	'dog'
766	0.0007224391	'call'	'dag'	'tin opener'	'dog'
791	0.0007224391	'put'	'full food dish'	'tin opener'	'dog'
804	0.0007224391	'take'	'food dish'	'tin opener'	'dog'
892	0.0007224391	'clean'	'dog dish'	'tin opener'	'dog'
905	0.0007224391	'tip'	'bag'	'tin opener'	'dog'
966	0.0007224391	'notify'	'dog'	'tin opener'	'dog'
817	0.0007210325	'put'	'water'	'tin opener'	'dog'
547	0.0007194133	'place'	'dish'	'dogs'	'dog'
42	0.0007156044	'pour'	'water'	'tin'	'dog'
95	0.000707238	'take'	'dog food'	'floor'	'dog'
407	0.000707238	'find'	'dog food'	'floor'	'dog'
698	0.000707238	'pour'	'dog food'	'floor'	'dog'
774	0.000707238	'open'	'dog food'	'floor'	'dog'
851	0.000707238	'pour'	'it'	'floor'	'dog'
147	0.0006928376	'add'	'water'	'dogs'	'dog'
170	0.0006838421	'carry'	'it'	'can of petfood'	'dog'
973	0.0006838421	'locate'	'food'	'can of petfood'	'dog'
132	0.0006497621	'open'	'can'	'can of petfood'	'dog'
257	0.0006497621	'remove'	'food'	'can of petfood'	'dog'
281	0.0006497621	'prepare'	'food'	'can of petfood'	'dog'
837	0.0006497621	'put'	'bag'	'can of petfood'	'dog'
180	0.0006361242	'get'	'tin'	'tin of dog food'	'dog'
353	0.0006361242	'fill'	'food dish'	'tin of dog food'	'dog'
592	0.0006361242	'locate'	'dog'	'tin of dog food'	'dog'
707	0.0006361242	'take'	'pet food'	'tin of dog food'	'dog'
387	0.0006319585	'pour'	'food'	'can opener'	'dog'
46	0.0006279269	'pour'	'water'	'dogs'	'dog'
187	0.0006273802	'get'	'tin'	'tin opener'	'dog'
361	0.0006273802	'fill'	'food dish'	'tin opener'	'dog'
600	0.0006273802	'locate'	'dog'	'tin opener'	'dog'
715	0.0006273802	'take'	'pet food'	'tin opener'	'dog'
294	0.0006141793	'scoop'	'food'	'floor'	'dog'
876	0.0006141793	'give'	'bowl'	'floor'	'dog'
545	0.0005959877	'place'	'dish'	'can of petfood'	'dog'
79	0.0005797433	'pour'	'contents'	'tin of dog food'	'dog'
217	0.0005797433	'measure'	'correct amount'	'tin of dog food'	'dog'
267	0.0005797433	'use'	'can opener'	'tin of dog food'	'dog'
617	0.0005797433	'pour'	'some'	'tin of dog food'	'dog'
630	0.0005797433	'get'	'can'	'tin of dog food'	'dog'
859	0.0005797433	'buy'	'food'	'tin of dog food'	'dog'
145	0.0005739714	'add'	'water'	'can of petfood'	'dog'
87	0.0005717743	'pour'	'contents'	'tin opener'	'dog'
225	0.0005717743	'measure'	'correct amount'	'tin opener'	'dog'
275	0.0005717743	'use'	'can opener'	'tin opener'	'dog'
625	0.0005717743	'pour'	'some'	'tin opener'	'dog'
638	0.0005717743	'get'	'can'	'tin opener'	'dog'
867	0.0005717743	'buy'	'food'	'tin opener'	'dog'
949	0.0005604391	'get'	'food'	'floor'	'dog'
942	0.0005545295	'place'	'bowl'	'can opener'	'dog'
205	0.0005397405	'put'	'bowl'	'tin of dog food'	'dog'
579	0.0005397405	'get'	'dog'	'tin of dog food'	'dog'
643	0.0005397405	'give'	'water'	'tin of dog food'	'dog'
100	0.0005323213	'take'	'dog food'	'can opener'	'dog'
212	0.0005323213	'put'	'bowl'	'tin opener'	'dog'
412	0.0005323213	'find'	'dog food'	'can opener'	'dog'
587	0.0005323213	'get'	'dog'	'tin opener'	'dog'
651	0.0005323213	'give'	'water'	'tin opener'	'dog'
703	0.0005323213	'pour'	'dog food'	'can opener'	'dog'
779	0.0005323213	'open'	'dog food'	'can opener'	'dog'
856	0.0005323213	'pour'	'it'	'can opener'	'dog'
32	0.0005211206	'open'	'bag'	'floor'	'dog'
608	0.0005211206	'open'	'food'	'floor'	'dog'
44	0.0005201971	'pour'	'water'	'can of petfood'	'dog'
167	0.0005087118	'carry'	'it'	'tin of dog food'	'dog'
970	0.0005087118	'locate'	'food'	'tin of dog food'	'dog'
175	0.0005017192	'carry'	'it'	'tin opener'	'dog'
978	0.0005017192	'locate'	'food'	'tin opener'	'dog'
332	0.0004911624	'get'	'bowl'	'floor'	'dog'
129	0.0004833596	'open'	'can'	'tin of dog food'	'dog'
254	0.0004833596	'remove'	'food'	'tin of dog food'	'dog'
278	0.0004833596	'prepare'	'food'	'tin of dog food'	'dog'
834	0.0004833596	'put'	'bag'	'tin of dog food'	'dog'
137	0.0004767155	'open'	'can'	'tin opener'	'dog'
262	0.0004767155	'remove'	'food'	'tin opener'	'dog'
286	0.0004767155	'prepare'	'food'	'tin opener'	'dog'
842	0.0004767155	'put'	'bag'	'tin opener'	'dog'
299	0.0004622783	'scoop'	'food'	'can opener'	'dog'
880	0.0004622783	'give'	'bowl'	'can opener'	'dog'
456	0.0004459892	'give'	'food'	'floor'	'dog'
542	0.0004433567	'place'	'dish'	'tin of dog food'	'dog'
549	0.0004372625	'place'	'dish'	'tin opener'	'dog'
142	0.0004269787	'add'	'water'	'tin of dog food'	'dog'
954	0.0004218293	'get'	'food'	'can opener'	'dog'
150	0.0004211096	'add'	'water'	'tin opener'	'dog'
120	0.0004122489	'take'	'food'	'floor'	'dog'
444	0.0004122489	'place'	'food'	'floor'	'dog'
37	0.0003922352	'open'	'bag'	'can opener'	'dog'
613	0.0003922352	'open'	'food'	'can opener'	'dog'
41	0.0003869759	'pour'	'water'	'tin of dog food'	'dog'
49	0.0003816566	'pour'	'water'	'tin opener'	'dog'
336	0.0003696863	'get'	'bowl'	'can opener'	'dog'
57	0.000353619	'identify'	'dog food'	'floor'	'dog'
70	0.000353619	'find'	'measuring cup'	'floor'	'dog'
108	0.000353619	'feed'	'dpog'	'floor'	'dog'
159	0.000353619	'put'	'tin opener'	'floor'	'dog'
196	0.000353619	'get'	'dogs bowl'	'floor'	'dog'
234	0.000353619	'identify'	'dog dish'	'floor'	'dog'
247	0.000353619	'feed'	'dogs'	'floor'	'dog'
306	0.000353619	'remove'	'dog food'	'floor'	'dog'
344	0.000353619	'put'	'food bag'	'floor'	'dog'
370	0.000353619	'poor'	'it'	'floor'	'dog'
395	0.000353619	'catch'	'pet dog'	'floor'	'dog'
419	0.000353619	'carry'	'dog food'	'floor'	'dog'
432	0.000353619	'put'	'food tin'	'floor'	'dog'
469	0.000353619	'place'	'dog food dish'	'floor'	'dog'
482	0.000353619	'locate'	'dogs bowl'	'floor'	'dog'
495	0.000353619	'find'	'canned food'	'floor'	'dog'
508	0.000353619	'encourage'	'dog'	'floor'	'dog'
521	0.000353619	'find'	'dog dish'	'floor'	'dog'
533	0.000353619	'put'	'tin'	'floor'	'dog'
570	0.000353619	'pour'	'dry food'	'floor'	'dog'
673	0.000353619	'put'	'pet foods'	'floor'	'dog'
686	0.000353619	'find'	'dry food'	'floor'	'dog'
723	0.000353619	'open'	'tin'	'floor'	'dog'
736	0.000353619	'alert'	'dog'	'floor'	'dog'
749	0.000353619	'pour'	'specified quantity'	'floor'	'dog'
762	0.000353619	'call'	'dag'	'floor'	'dog'
787	0.000353619	'put'	'full food dish'	'floor'	'dog'
800	0.000353619	'take'	'food dish'	'floor'	'dog'
826	0.000353619	'get'	'tin opener'	'floor'	'dog'
888	0.000353619	'clean'	'dog dish'	'floor'	'dog'
901	0.000353619	'tip'	'bag'	'floor'	'dog'
962	0.000353619	'notify'	'dog'	'floor'	'dog'
813	0.0003529305	'put'	'water'	'floor'	'dog'
461	0.0003356855	'give'	'food'	'can opener'	'dog'
125	0.00031029	'take'	'food'	'can opener'	'dog'
449	0.00031029	'place'	'food'	'can opener'	'dog'
183	0.0003070896	'get'	'tin'	'floor'	'dog'
357	0.0003070896	'fill'	'food dish'	'floor'	'dog'
596	0.0003070896	'locate'	'dog'	'floor'	'dog'
711	0.0003070896	'take'	'pet food'	'floor'	'dog'
83	0.0002798717	'pour'	'contents'	'floor'	'dog'
221	0.0002798717	'measure'	'correct amount'	'floor'	'dog'
271	0.0002798717	'use'	'can opener'	'floor'	'dog'
621	0.0002798717	'pour'	'some'	'floor'	'dog'
634	0.0002798717	'get'	'can'	'floor'	'dog'
863	0.0002798717	'buy'	'food'	'floor'	'dog'
62	0.0002661607	'identify'	'dog food'	'can opener'	'dog'
75	0.0002661607	'find'	'measuring cup'	'can opener'	'dog'
113	0.0002661607	'feed'	'dpog'	'can opener'	'dog'
163	0.0002661607	'put'	'tin opener'	'can opener'	'dog'
201	0.0002661607	'get'	'dogs bowl'	'can opener'	'dog'
239	0.0002661607	'identify'	'dog dish'	'can opener'	'dog'
251	0.0002661607	'feed'	'dogs'	'can opener'	'dog'
311	0.0002661607	'remove'	'dog food'	'can opener'	'dog'
349	0.0002661607	'put'	'food bag'	'can opener'	'dog'
375	0.0002661607	'poor'	'it'	'can opener'	'dog'
400	0.0002661607	'catch'	'pet dog'	'can opener'	'dog'
424	0.0002661607	'carry'	'dog food'	'can opener'	'dog'
437	0.0002661607	'put'	'food tin'	'can opener'	'dog'
474	0.0002661607	'place'	'dog food dish'	'can opener'	'dog'
487	0.0002661607	'locate'	'dogs bowl'	'can opener'	'dog'
500	0.0002661607	'find'	'canned food'	'can opener'	'dog'
513	0.0002661607	'encourage'	'dog'	'can opener'	'dog'
526	0.0002661607	'find'	'dog dish'	'can opener'	'dog'
538	0.0002661607	'put'	'tin'	'can opener'	'dog'
575	0.0002661607	'pour'	'dry food'	'can opener'	'dog'
678	0.0002661607	'put'	'pet foods'	'can opener'	'dog'
691	0.0002661607	'find'	'dry food'	'can opener'	'dog'
728	0.0002661607	'open'	'tin'	'can opener'	'dog'
741	0.0002661607	'alert'	'dog'	'can opener'	'dog'
754	0.0002661607	'pour'	'specified quantity'	'can opener'	'dog'
767	0.0002661607	'call'	'dag'	'can opener'	'dog'
792	0.0002661607	'put'	'full food dish'	'can opener'	'dog'
805	0.0002661607	'take'	'food dish'	'can opener'	'dog'
830	0.0002661607	'get'	'tin opener'	'can opener'	'dog'
893	0.0002661607	'clean'	'dog dish'	'can opener'	'dog'
906	0.0002661607	'tip'	'bag'	'can opener'	'dog'
967	0.0002661607	'notify'	'dog'	'can opener'	'dog'
818	0.0002656425	'put'	'water'	'can opener'	'dog'
209	0.0002605603	'put'	'bowl'	'floor'	'dog'
583	0.0002605603	'get'	'dog'	'floor'	'dog'
647	0.0002605603	'give'	'water'	'floor'	'dog'
171	0.0002455812	'carry'	'it'	'floor'	'dog'
974	0.0002455812	'locate'	'food'	'floor'	'dog'
133	0.0002333424	'open'	'can'	'floor'	'dog'
258	0.0002333424	'remove'	'food'	'floor'	'dog'
282	0.0002333424	'prepare'	'food'	'floor'	'dog'
838	0.0002333424	'put'	'bag'	'floor'	'dog'
188	0.0002311391	'get'	'tin'	'can opener'	'dog'
362	0.0002311391	'fill'	'food dish'	'can opener'	'dog'
601	0.0002311391	'locate'	'dog'	'can opener'	'dog'
716	0.0002311391	'take'	'pet food'	'can opener'	'dog'
546	0.0002140309	'place'	'dish'	'floor'	'dog'
88	0.0002106528	'pour'	'contents'	'can opener'	'dog'
226	0.0002106528	'measure'	'correct amount'	'can opener'	'dog'
626	0.0002106528	'pour'	'some'	'can opener'	'dog'
639	0.0002106528	'get'	'can'	'can opener'	'dog'
868	0.0002106528	'buy'	'food'	'can opener'	'dog'
146	0.0002061244	'add'	'water'	'floor'	'dog'
213	0.0001961176	'put'	'bowl'	'can opener'	'dog'
588	0.0001961176	'get'	'dog'	'can opener'	'dog'
652	0.0001961176	'give'	'water'	'can opener'	'dog'
45	0.000186813	'pour'	'water'	'floor'	'dog'
176	0.0001848432	'carry'	'it'	'can opener'	'dog'
979	0.0001848432	'locate'	'food'	'can opener'	'dog'
138	0.0001756313	'open'	'can'	'can opener'	'dog'
263	0.0001756313	'remove'	'food'	'can opener'	'dog'
287	0.0001756313	'prepare'	'food'	'can opener'	'dog'
843	0.0001756313	'put'	'bag'	'can opener'	'dog'
550	0.000161096	'place'	'dish'	'can opener'	'dog'
151	0.000155145	'add'	'water'	'can opener'	'dog'
50	0.0001406098	'pour'	'water'	'can opener'	'dog'
