id	score	v	d-obj	p	p-title
00001	?	call	dog	food	dog
00002	?	call	dog	dog food	dog
00003	?	call	dog	bin	dog
00004	?	call	dog	tin of dog food	dog
00005	?	call	dog	tin	dog
00006	?	call	dog	it	dog
00007	?	call	dog	pet	dog
00008	?	call	dog	can of petfood	dog
00009	?	call	dog	floor	dog
00010	?	call	dog	dogs	dog
00011	?	call	dog	dog	dog
00012	?	call	dog	dish	dog
00013	?	call	dog	bowl	dog
00014	?	call	dog	tin opener	dog
00015	?	call	dog	can opener	dog
00016	?	call	dog	dog s	dog
00017	?	call	dog	s	dog
00018	?	put	food	food	dog
00019	?	put	food	dog food	dog
00020	?	put	food	bin	dog
00021	?	put	food	tin of dog food	dog
00022	?	put	food	tin	dog
00023	?	put	food	it	dog
00024	?	put	food	pet	dog
00025	?	put	food	can of petfood	dog
00026	?	put	food	floor	dog
00027	?	put	food	dogs	dog
00028	?	put	food	dog	dog
00029	?	put	food	dish	dog
00030	?	put	food	bowl	dog
00031	?	put	food	tin opener	dog
00032	?	put	food	can opener	dog
00033	?	put	food	dog s	dog
00034	?	put	food	s	dog
00035	?	open	bag	food	dog
00036	?	open	bag	dog food	dog
00037	?	open	bag	bin	dog
00038	?	open	bag	tin of dog food	dog
00039	?	open	bag	tin	dog
00040	?	open	bag	it	dog
00041	?	open	bag	pet	dog
00042	?	open	bag	can of petfood	dog
00043	?	open	bag	floor	dog
00044	?	open	bag	dogs	dog
00045	?	open	bag	dog	dog
00046	?	open	bag	dish	dog
00047	?	open	bag	bowl	dog
00048	?	open	bag	tin opener	dog
00049	?	open	bag	can opener	dog
00050	?	open	bag	dog s	dog
00051	?	open	bag	s	dog
00052	?	pour	water	food	dog
00053	?	pour	water	dog food	dog
00054	?	pour	water	bin	dog
00055	?	pour	water	tin of dog food	dog
00056	?	pour	water	tin	dog
00057	?	pour	water	it	dog
00058	?	pour	water	pet	dog
00059	?	pour	water	can of petfood	dog
00060	?	pour	water	floor	dog
00061	?	pour	water	dogs	dog
00062	?	pour	water	dog	dog
00063	?	pour	water	dish	dog
00064	?	pour	water	bowl	dog
00065	?	pour	water	tin opener	dog
00066	?	pour	water	can opener	dog
00067	?	pour	water	dog s	dog
00068	?	pour	water	s	dog
00069	?	identify	dog food	food	dog
00070	?	identify	dog food	dog food	dog
00071	?	identify	dog food	bin	dog
00072	?	identify	dog food	tin of dog food	dog
00073	?	identify	dog food	tin	dog
00074	?	identify	dog food	it	dog
00075	?	identify	dog food	pet	dog
00076	?	identify	dog food	can of petfood	dog
00077	?	identify	dog food	floor	dog
00078	?	identify	dog food	dogs	dog
00079	?	identify	dog food	dog	dog
00080	?	identify	dog food	dish	dog
00081	?	identify	dog food	bowl	dog
00082	?	identify	dog food	tin opener	dog
00083	?	identify	dog food	can opener	dog
00084	?	identify	dog food	dog s	dog
00085	?	identify	dog food	s	dog
00086	?	find	measuring cup	food	dog
00087	?	find	measuring cup	dog food	dog
00088	?	find	measuring cup	bin	dog
00089	?	find	measuring cup	tin of dog food	dog
00090	?	find	measuring cup	tin	dog
00091	?	find	measuring cup	it	dog
00092	?	find	measuring cup	pet	dog
00093	?	find	measuring cup	can of petfood	dog
00094	?	find	measuring cup	floor	dog
00095	?	find	measuring cup	dogs	dog
00096	?	find	measuring cup	dog	dog
00097	?	find	measuring cup	dish	dog
00098	?	find	measuring cup	bowl	dog
00099	?	find	measuring cup	tin opener	dog
00100	?	find	measuring cup	can opener	dog
00101	?	find	measuring cup	dog s	dog
00102	?	find	measuring cup	s	dog
00103	?	pour	contents	food	dog
00104	?	pour	contents	dog food	dog
00105	?	pour	contents	bin	dog
00106	?	pour	contents	tin of dog food	dog
00107	?	pour	contents	tin	dog
00108	?	pour	contents	it	dog
00109	?	pour	contents	pet	dog
00110	?	pour	contents	can of petfood	dog
00111	?	pour	contents	floor	dog
00112	?	pour	contents	dogs	dog
00113	?	pour	contents	dog	dog
00114	?	pour	contents	dish	dog
00115	?	pour	contents	bowl	dog
00116	?	pour	contents	tin opener	dog
00117	?	pour	contents	can opener	dog
00118	?	pour	contents	dog s	dog
00119	?	pour	contents	s	dog
00120	?	take	dog food	food	dog
00121	?	take	dog food	dog food	dog
00122	?	take	dog food	bin	dog
00123	?	take	dog food	tin of dog food	dog
00124	?	take	dog food	tin	dog
00125	?	take	dog food	it	dog
00126	?	take	dog food	pet	dog
00127	?	take	dog food	can of petfood	dog
00128	?	take	dog food	floor	dog
00129	?	take	dog food	dogs	dog
00130	?	take	dog food	dog	dog
00131	?	take	dog food	dish	dog
00132	?	take	dog food	bowl	dog
00133	?	take	dog food	tin opener	dog
00134	?	take	dog food	can opener	dog
00135	?	take	dog food	dog s	dog
00136	?	take	dog food	s	dog
00137	?	feed	dpog	food	dog
00138	?	feed	dpog	dog food	dog
00139	?	feed	dpog	bin	dog
00140	?	feed	dpog	tin of dog food	dog
00141	?	feed	dpog	tin	dog
00142	?	feed	dpog	it	dog
00143	?	feed	dpog	pet	dog
00144	?	feed	dpog	can of petfood	dog
00145	?	feed	dpog	floor	dog
00146	?	feed	dpog	dogs	dog
00147	?	feed	dpog	dog	dog
00148	?	feed	dpog	dish	dog
00149	?	feed	dpog	bowl	dog
00150	?	feed	dpog	tin opener	dog
00151	?	feed	dpog	can opener	dog
00152	?	feed	dpog	dog s	dog
00153	?	feed	dpog	s	dog
00154	?	take	food	food	dog
00155	?	take	food	dog food	dog
00156	?	take	food	bin	dog
00157	?	take	food	tin of dog food	dog
00158	?	take	food	tin	dog
00159	?	take	food	it	dog
00160	?	take	food	pet	dog
00161	?	take	food	can of petfood	dog
00162	?	take	food	floor	dog
00163	?	take	food	dogs	dog
00164	?	take	food	dog	dog
00165	?	take	food	dish	dog
00166	?	take	food	bowl	dog
00167	?	take	food	tin opener	dog
00168	?	take	food	can opener	dog
00169	?	take	food	dog s	dog
00170	?	take	food	s	dog
00171	?	open	can	food	dog
00172	?	open	can	dog food	dog
00173	?	open	can	bin	dog
00174	?	open	can	tin of dog food	dog
00175	?	open	can	tin	dog
00176	?	open	can	it	dog
00177	?	open	can	pet	dog
00178	?	open	can	can of petfood	dog
00179	?	open	can	floor	dog
00180	?	open	can	dogs	dog
00181	?	open	can	dog	dog
00182	?	open	can	dish	dog
00183	?	open	can	bowl	dog
00184	?	open	can	tin opener	dog
00185	?	open	can	can opener	dog
00186	?	open	can	dog s	dog
00187	?	open	can	s	dog
00188	?	add	water	food	dog
00189	?	add	water	dog food	dog
00190	?	add	water	bin	dog
00191	?	add	water	tin of dog food	dog
00192	?	add	water	tin	dog
00193	?	add	water	it	dog
00194	?	add	water	pet	dog
00195	?	add	water	can of petfood	dog
00196	?	add	water	floor	dog
00197	?	add	water	dogs	dog
00198	?	add	water	dog	dog
00199	?	add	water	dish	dog
00200	?	add	water	bowl	dog
00201	?	add	water	tin opener	dog
00202	?	add	water	can opener	dog
00203	?	add	water	dog s	dog
00204	?	add	water	s	dog
00205	?	put	tin opener	food	dog
00206	?	put	tin opener	dog food	dog
00207	?	put	tin opener	bin	dog
00208	?	put	tin opener	tin of dog food	dog
00209	?	put	tin opener	tin	dog
00210	?	put	tin opener	it	dog
00211	?	put	tin opener	pet	dog
00212	?	put	tin opener	can of petfood	dog
00213	?	put	tin opener	floor	dog
00214	?	put	tin opener	dogs	dog
00215	?	put	tin opener	dog	dog
00216	?	put	tin opener	dish	dog
00217	?	put	tin opener	bowl	dog
00218	?	put	tin opener	tin opener	dog
00219	?	put	tin opener	can opener	dog
00220	?	put	tin opener	dog s	dog
00221	?	put	tin opener	s	dog
00222	?	carry	it	food	dog
00223	?	carry	it	dog food	dog
00224	?	carry	it	bin	dog
00225	?	carry	it	tin of dog food	dog
00226	?	carry	it	tin	dog
00227	?	carry	it	it	dog
00228	?	carry	it	pet	dog
00229	?	carry	it	can of petfood	dog
00230	?	carry	it	floor	dog
00231	?	carry	it	dogs	dog
00232	?	carry	it	dog	dog
00233	?	carry	it	dish	dog
00234	?	carry	it	bowl	dog
00235	?	carry	it	tin opener	dog
00236	?	carry	it	can opener	dog
00237	?	carry	it	dog s	dog
00238	?	carry	it	s	dog
00239	?	get	tin	food	dog
00240	?	get	tin	dog food	dog
00241	?	get	tin	bin	dog
00242	?	get	tin	tin of dog food	dog
00243	?	get	tin	tin	dog
00244	?	get	tin	it	dog
00245	?	get	tin	pet	dog
00246	?	get	tin	can of petfood	dog
00247	?	get	tin	floor	dog
00248	?	get	tin	dogs	dog
00249	?	get	tin	dog	dog
00250	?	get	tin	dish	dog
00251	?	get	tin	bowl	dog
00252	?	get	tin	tin opener	dog
00253	?	get	tin	can opener	dog
00254	?	get	tin	dog s	dog
00255	?	get	tin	s	dog
00256	?	get	dogs bowl	food	dog
00257	?	get	dogs bowl	dog food	dog
00258	?	get	dogs bowl	bin	dog
00259	?	get	dogs bowl	tin of dog food	dog
00260	?	get	dogs bowl	tin	dog
00261	?	get	dogs bowl	it	dog
00262	?	get	dogs bowl	pet	dog
00263	?	get	dogs bowl	can of petfood	dog
00264	?	get	dogs bowl	floor	dog
00265	?	get	dogs bowl	dogs	dog
00266	?	get	dogs bowl	dog	dog
00267	?	get	dogs bowl	dish	dog
00268	?	get	dogs bowl	bowl	dog
00269	?	get	dogs bowl	tin opener	dog
00270	?	get	dogs bowl	can opener	dog
00271	?	get	dogs bowl	dog s	dog
00272	?	get	dogs bowl	s	dog
00273	?	put	bowl	food	dog
00274	?	put	bowl	dog food	dog
00275	?	put	bowl	bin	dog
00276	?	put	bowl	tin of dog food	dog
00277	?	put	bowl	tin	dog
00278	?	put	bowl	it	dog
00279	?	put	bowl	pet	dog
00280	?	put	bowl	can of petfood	dog
00281	?	put	bowl	floor	dog
00282	?	put	bowl	dogs	dog
00283	?	put	bowl	dog	dog
00284	?	put	bowl	dish	dog
00285	?	put	bowl	bowl	dog
00286	?	put	bowl	tin opener	dog
00287	?	put	bowl	can opener	dog
00288	?	put	bowl	dog s	dog
00289	?	put	bowl	s	dog
00290	?	measure	correct amount	food	dog
00291	?	measure	correct amount	dog food	dog
00292	?	measure	correct amount	bin	dog
00293	?	measure	correct amount	tin of dog food	dog
00294	?	measure	correct amount	tin	dog
00295	?	measure	correct amount	it	dog
00296	?	measure	correct amount	pet	dog
00297	?	measure	correct amount	can of petfood	dog
00298	?	measure	correct amount	floor	dog
00299	?	measure	correct amount	dogs	dog
00300	?	measure	correct amount	dog	dog
00301	?	measure	correct amount	dish	dog
00302	?	measure	correct amount	bowl	dog
00303	?	measure	correct amount	tin opener	dog
00304	?	measure	correct amount	can opener	dog
00305	?	measure	correct amount	dog s	dog
00306	?	measure	correct amount	s	dog
00307	?	identify	dog dish	food	dog
00308	?	identify	dog dish	dog food	dog
00309	?	identify	dog dish	bin	dog
00310	?	identify	dog dish	tin of dog food	dog
00311	?	identify	dog dish	tin	dog
00312	?	identify	dog dish	it	dog
00313	?	identify	dog dish	pet	dog
00314	?	identify	dog dish	can of petfood	dog
00315	?	identify	dog dish	floor	dog
00316	?	identify	dog dish	dogs	dog
00317	?	identify	dog dish	dog	dog
00318	?	identify	dog dish	dish	dog
00319	?	identify	dog dish	bowl	dog
00320	?	identify	dog dish	tin opener	dog
00321	?	identify	dog dish	can opener	dog
00322	?	identify	dog dish	dog s	dog
00323	?	identify	dog dish	s	dog
00324	?	feed	dogs	food	dog
00325	?	feed	dogs	dog food	dog
00326	?	feed	dogs	bin	dog
00327	?	feed	dogs	tin of dog food	dog
00328	?	feed	dogs	tin	dog
00329	?	feed	dogs	it	dog
00330	?	feed	dogs	pet	dog
00331	?	feed	dogs	can of petfood	dog
00332	?	feed	dogs	floor	dog
00333	?	feed	dogs	dogs	dog
00334	?	feed	dogs	dog	dog
00335	?	feed	dogs	dish	dog
00336	?	feed	dogs	bowl	dog
00337	?	feed	dogs	tin opener	dog
00338	?	feed	dogs	can opener	dog
00339	?	feed	dogs	dog s	dog
00340	?	feed	dogs	s	dog
00341	?	remove	food	food	dog
00342	?	remove	food	dog food	dog
00343	?	remove	food	bin	dog
00344	?	remove	food	tin of dog food	dog
00345	?	remove	food	tin	dog
00346	?	remove	food	it	dog
00347	?	remove	food	pet	dog
00348	?	remove	food	can of petfood	dog
00349	?	remove	food	floor	dog
00350	?	remove	food	dogs	dog
00351	?	remove	food	dog	dog
00352	?	remove	food	dish	dog
00353	?	remove	food	bowl	dog
00354	?	remove	food	tin opener	dog
00355	?	remove	food	can opener	dog
00356	?	remove	food	dog s	dog
00357	?	remove	food	s	dog
00358	?	use	can opener	food	dog
00359	?	use	can opener	dog food	dog
00360	?	use	can opener	bin	dog
00361	?	use	can opener	tin of dog food	dog
00362	?	use	can opener	tin	dog
00363	?	use	can opener	it	dog
00364	?	use	can opener	pet	dog
00365	?	use	can opener	can of petfood	dog
00366	?	use	can opener	floor	dog
00367	?	use	can opener	dogs	dog
00368	?	use	can opener	dog	dog
00369	?	use	can opener	dish	dog
00370	?	use	can opener	bowl	dog
00371	?	use	can opener	tin opener	dog
00372	?	use	can opener	can opener	dog
00373	?	use	can opener	dog s	dog
00374	?	use	can opener	s	dog
00375	?	prepare	food	food	dog
00376	?	prepare	food	dog food	dog
00377	?	prepare	food	bin	dog
00378	?	prepare	food	tin of dog food	dog
00379	?	prepare	food	tin	dog
00380	?	prepare	food	it	dog
00381	?	prepare	food	pet	dog
00382	?	prepare	food	can of petfood	dog
00383	?	prepare	food	floor	dog
00384	?	prepare	food	dogs	dog
00385	?	prepare	food	dog	dog
00386	?	prepare	food	dish	dog
00387	?	prepare	food	bowl	dog
00388	?	prepare	food	tin opener	dog
00389	?	prepare	food	can opener	dog
00390	?	prepare	food	dog s	dog
00391	?	prepare	food	s	dog
00392	?	scoop	food	food	dog
00393	?	scoop	food	dog food	dog
00394	?	scoop	food	bin	dog
00395	?	scoop	food	tin of dog food	dog
00396	?	scoop	food	tin	dog
00397	?	scoop	food	it	dog
00398	?	scoop	food	pet	dog
00399	?	scoop	food	can of petfood	dog
00400	?	scoop	food	floor	dog
00401	?	scoop	food	dogs	dog
00402	?	scoop	food	dog	dog
00403	?	scoop	food	dish	dog
00404	?	scoop	food	bowl	dog
00405	?	scoop	food	tin opener	dog
00406	?	scoop	food	can opener	dog
00407	?	scoop	food	dog s	dog
00408	?	scoop	food	s	dog
00409	?	remove	dog food	food	dog
00410	?	remove	dog food	dog food	dog
00411	?	remove	dog food	bin	dog
00412	?	remove	dog food	tin of dog food	dog
00413	?	remove	dog food	tin	dog
00414	?	remove	dog food	it	dog
00415	?	remove	dog food	pet	dog
00416	?	remove	dog food	can of petfood	dog
00417	?	remove	dog food	floor	dog
00418	?	remove	dog food	dogs	dog
00419	?	remove	dog food	dog	dog
00420	?	remove	dog food	dish	dog
00421	?	remove	dog food	bowl	dog
00422	?	remove	dog food	tin opener	dog
00423	?	remove	dog food	can opener	dog
00424	?	remove	dog food	dog s	dog
00425	?	remove	dog food	s	dog
00426	?	open	dog food bag	food	dog
00427	?	open	dog food bag	dog food	dog
00428	?	open	dog food bag	bin	dog
00429	?	open	dog food bag	tin of dog food	dog
00430	?	open	dog food bag	tin	dog
00431	?	open	dog food bag	it	dog
00432	?	open	dog food bag	pet	dog
00433	?	open	dog food bag	can of petfood	dog
00434	?	open	dog food bag	floor	dog
00435	?	open	dog food bag	dogs	dog
00436	?	open	dog food bag	dog	dog
00437	?	open	dog food bag	dish	dog
00438	?	open	dog food bag	bowl	dog
00439	?	open	dog food bag	tin opener	dog
00440	?	open	dog food bag	can opener	dog
00441	?	open	dog food bag	dog s	dog
00442	?	open	dog food bag	s	dog
00443	?	get	bowl	food	dog
00444	?	get	bowl	dog food	dog
00445	?	get	bowl	bin	dog
00446	?	get	bowl	tin of dog food	dog
00447	?	get	bowl	tin	dog
00448	?	get	bowl	it	dog
00449	?	get	bowl	pet	dog
00450	?	get	bowl	can of petfood	dog
00451	?	get	bowl	floor	dog
00452	?	get	bowl	dogs	dog
00453	?	get	bowl	dog	dog
00454	?	get	bowl	dish	dog
00455	?	get	bowl	bowl	dog
00456	?	get	bowl	tin opener	dog
00457	?	get	bowl	can opener	dog
00458	?	get	bowl	dog s	dog
00459	?	get	bowl	s	dog
00460	?	put	food bag	food	dog
00461	?	put	food bag	dog food	dog
00462	?	put	food bag	bin	dog
00463	?	put	food bag	tin of dog food	dog
00464	?	put	food bag	tin	dog
00465	?	put	food bag	it	dog
00466	?	put	food bag	pet	dog
00467	?	put	food bag	can of petfood	dog
00468	?	put	food bag	floor	dog
00469	?	put	food bag	dogs	dog
00470	?	put	food bag	dog	dog
00471	?	put	food bag	dish	dog
00472	?	put	food bag	bowl	dog
00473	?	put	food bag	tin opener	dog
00474	?	put	food bag	can opener	dog
00475	?	put	food bag	dog s	dog
00476	?	put	food bag	s	dog
00477	?	fill	food dish	food	dog
00478	?	fill	food dish	dog food	dog
00479	?	fill	food dish	bin	dog
00480	?	fill	food dish	tin of dog food	dog
00481	?	fill	food dish	tin	dog
00482	?	fill	food dish	it	dog
00483	?	fill	food dish	pet	dog
00484	?	fill	food dish	can of petfood	dog
00485	?	fill	food dish	floor	dog
00486	?	fill	food dish	dogs	dog
00487	?	fill	food dish	dog	dog
00488	?	fill	food dish	dish	dog
00489	?	fill	food dish	bowl	dog
00490	?	fill	food dish	tin opener	dog
00491	?	fill	food dish	can opener	dog
00492	?	fill	food dish	dog s	dog
00493	?	fill	food dish	s	dog
00494	?	poor	it	food	dog
00495	?	poor	it	dog food	dog
00496	?	poor	it	bin	dog
00497	?	poor	it	tin of dog food	dog
00498	?	poor	it	tin	dog
00499	?	poor	it	it	dog
00500	?	poor	it	pet	dog
00501	?	poor	it	can of petfood	dog
00502	?	poor	it	floor	dog
00503	?	poor	it	dogs	dog
00504	?	poor	it	dog	dog
00505	?	poor	it	dish	dog
00506	?	poor	it	bowl	dog
00507	?	poor	it	tin opener	dog
00508	?	poor	it	can opener	dog
00509	?	poor	it	dog s	dog
00510	?	poor	it	s	dog
00511	?	pour	food	food	dog
00512	?	pour	food	dog food	dog
00513	?	pour	food	bin	dog
00514	?	pour	food	tin of dog food	dog
00515	?	pour	food	tin	dog
00516	?	pour	food	it	dog
00517	?	pour	food	pet	dog
00518	?	pour	food	can of petfood	dog
00519	?	pour	food	floor	dog
00520	?	pour	food	dogs	dog
00521	?	pour	food	dog	dog
00522	?	pour	food	dish	dog
00523	?	pour	food	bowl	dog
00524	?	pour	food	tin opener	dog
00525	?	pour	food	can opener	dog
00526	?	pour	food	dog s	dog
00527	?	pour	food	s	dog
00528	?	catch	pet dog	food	dog
00529	?	catch	pet dog	dog food	dog
00530	?	catch	pet dog	bin	dog
00531	?	catch	pet dog	tin of dog food	dog
00532	?	catch	pet dog	tin	dog
00533	?	catch	pet dog	it	dog
00534	?	catch	pet dog	pet	dog
00535	?	catch	pet dog	can of petfood	dog
00536	?	catch	pet dog	floor	dog
00537	?	catch	pet dog	dogs	dog
00538	?	catch	pet dog	dog	dog
00539	?	catch	pet dog	dish	dog
00540	?	catch	pet dog	bowl	dog
00541	?	catch	pet dog	tin opener	dog
00542	?	catch	pet dog	can opener	dog
00543	?	catch	pet dog	dog s	dog
00544	?	catch	pet dog	s	dog
00545	?	find	dog food	food	dog
00546	?	find	dog food	dog food	dog
00547	?	find	dog food	bin	dog
00548	?	find	dog food	tin of dog food	dog
00549	?	find	dog food	tin	dog
00550	?	find	dog food	it	dog
00551	?	find	dog food	pet	dog
00552	?	find	dog food	can of petfood	dog
00553	?	find	dog food	floor	dog
00554	?	find	dog food	dogs	dog
00555	?	find	dog food	dog	dog
00556	?	find	dog food	dish	dog
00557	?	find	dog food	bowl	dog
00558	?	find	dog food	tin opener	dog
00559	?	find	dog food	can opener	dog
00560	?	find	dog food	dog s	dog
00561	?	find	dog food	s	dog
00562	?	carry	dog food	food	dog
00563	?	carry	dog food	dog food	dog
00564	?	carry	dog food	bin	dog
00565	?	carry	dog food	tin of dog food	dog
00566	?	carry	dog food	tin	dog
00567	?	carry	dog food	it	dog
00568	?	carry	dog food	pet	dog
00569	?	carry	dog food	can of petfood	dog
00570	?	carry	dog food	floor	dog
00571	?	carry	dog food	dogs	dog
00572	?	carry	dog food	dog	dog
00573	?	carry	dog food	dish	dog
00574	?	carry	dog food	bowl	dog
00575	?	carry	dog food	tin opener	dog
00576	?	carry	dog food	can opener	dog
00577	?	carry	dog food	dog s	dog
00578	?	carry	dog food	s	dog
00579	?	put	food tin	food	dog
00580	?	put	food tin	dog food	dog
00581	?	put	food tin	bin	dog
00582	?	put	food tin	tin of dog food	dog
00583	?	put	food tin	tin	dog
00584	?	put	food tin	it	dog
00585	?	put	food tin	pet	dog
00586	?	put	food tin	can of petfood	dog
00587	?	put	food tin	floor	dog
00588	?	put	food tin	dogs	dog
00589	?	put	food tin	dog	dog
00590	?	put	food tin	dish	dog
00591	?	put	food tin	bowl	dog
00592	?	put	food tin	tin opener	dog
00593	?	put	food tin	can opener	dog
00594	?	put	food tin	dog s	dog
00595	?	put	food tin	s	dog
00596	?	place	food	food	dog
00597	?	place	food	dog food	dog
00598	?	place	food	bin	dog
00599	?	place	food	tin of dog food	dog
00600	?	place	food	tin	dog
00601	?	place	food	it	dog
00602	?	place	food	pet	dog
00603	?	place	food	can of petfood	dog
00604	?	place	food	floor	dog
00605	?	place	food	dogs	dog
00606	?	place	food	dog	dog
00607	?	place	food	dish	dog
00608	?	place	food	bowl	dog
00609	?	place	food	tin opener	dog
00610	?	place	food	can opener	dog
00611	?	place	food	dog s	dog
00612	?	place	food	s	dog
00613	?	give	food	food	dog
00614	?	give	food	dog food	dog
00615	?	give	food	bin	dog
00616	?	give	food	tin of dog food	dog
00617	?	give	food	tin	dog
00618	?	give	food	it	dog
00619	?	give	food	pet	dog
00620	?	give	food	can of petfood	dog
00621	?	give	food	floor	dog
00622	?	give	food	dogs	dog
00623	?	give	food	dog	dog
00624	?	give	food	dish	dog
00625	?	give	food	bowl	dog
00626	?	give	food	tin opener	dog
00627	?	give	food	can opener	dog
00628	?	give	food	dog s	dog
00629	?	give	food	s	dog
00630	?	place	dog food dish	food	dog
00631	?	place	dog food dish	dog food	dog
00632	?	place	dog food dish	bin	dog
00633	?	place	dog food dish	tin of dog food	dog
00634	?	place	dog food dish	tin	dog
00635	?	place	dog food dish	it	dog
00636	?	place	dog food dish	pet	dog
00637	?	place	dog food dish	can of petfood	dog
00638	?	place	dog food dish	floor	dog
00639	?	place	dog food dish	dogs	dog
00640	?	place	dog food dish	dog	dog
00641	?	place	dog food dish	dish	dog
00642	?	place	dog food dish	bowl	dog
00643	?	place	dog food dish	tin opener	dog
00644	?	place	dog food dish	can opener	dog
00645	?	place	dog food dish	dog s	dog
00646	?	place	dog food dish	s	dog
00647	?	locate	dogs bowl	food	dog
00648	?	locate	dogs bowl	dog food	dog
00649	?	locate	dogs bowl	bin	dog
00650	?	locate	dogs bowl	tin of dog food	dog
00651	?	locate	dogs bowl	tin	dog
00652	?	locate	dogs bowl	it	dog
00653	?	locate	dogs bowl	pet	dog
00654	?	locate	dogs bowl	can of petfood	dog
00655	?	locate	dogs bowl	floor	dog
00656	?	locate	dogs bowl	dogs	dog
00657	?	locate	dogs bowl	dog	dog
00658	?	locate	dogs bowl	dish	dog
00659	?	locate	dogs bowl	bowl	dog
00660	?	locate	dogs bowl	tin opener	dog
00661	?	locate	dogs bowl	can opener	dog
00662	?	locate	dogs bowl	dog s	dog
00663	?	locate	dogs bowl	s	dog
00664	?	find	canned food	food	dog
00665	?	find	canned food	dog food	dog
00666	?	find	canned food	bin	dog
00667	?	find	canned food	tin of dog food	dog
00668	?	find	canned food	tin	dog
00669	?	find	canned food	it	dog
00670	?	find	canned food	pet	dog
00671	?	find	canned food	can of petfood	dog
00672	?	find	canned food	floor	dog
00673	?	find	canned food	dogs	dog
00674	?	find	canned food	dog	dog
00675	?	find	canned food	dish	dog
00676	?	find	canned food	bowl	dog
00677	?	find	canned food	tin opener	dog
00678	?	find	canned food	can opener	dog
00679	?	find	canned food	dog s	dog
00680	?	find	canned food	s	dog
00681	?	encourage	dog	food	dog
00682	?	encourage	dog	dog food	dog
00683	?	encourage	dog	bin	dog
00684	?	encourage	dog	tin of dog food	dog
00685	?	encourage	dog	tin	dog
00686	?	encourage	dog	it	dog
00687	?	encourage	dog	pet	dog
00688	?	encourage	dog	can of petfood	dog
00689	?	encourage	dog	floor	dog
00690	?	encourage	dog	dogs	dog
00691	?	encourage	dog	dog	dog
00692	?	encourage	dog	dish	dog
00693	?	encourage	dog	bowl	dog
00694	?	encourage	dog	tin opener	dog
00695	?	encourage	dog	can opener	dog
00696	?	encourage	dog	dog s	dog
00697	?	encourage	dog	s	dog
00698	?	find	dog dish	food	dog
00699	?	find	dog dish	dog food	dog
00700	?	find	dog dish	bin	dog
00701	?	find	dog dish	tin of dog food	dog
00702	?	find	dog dish	tin	dog
00703	?	find	dog dish	it	dog
00704	?	find	dog dish	pet	dog
00705	?	find	dog dish	can of petfood	dog
00706	?	find	dog dish	floor	dog
00707	?	find	dog dish	dogs	dog
00708	?	find	dog dish	dog	dog
00709	?	find	dog dish	dish	dog
00710	?	find	dog dish	bowl	dog
00711	?	find	dog dish	tin opener	dog
00712	?	find	dog dish	can opener	dog
00713	?	find	dog dish	dog s	dog
00714	?	find	dog dish	s	dog
00715	?	put	tin	food	dog
00716	?	put	tin	dog food	dog
00717	?	put	tin	bin	dog
00718	?	put	tin	tin of dog food	dog
00719	?	put	tin	tin	dog
00720	?	put	tin	it	dog
00721	?	put	tin	pet	dog
00722	?	put	tin	can of petfood	dog
00723	?	put	tin	floor	dog
00724	?	put	tin	dogs	dog
00725	?	put	tin	dog	dog
00726	?	put	tin	dish	dog
00727	?	put	tin	bowl	dog
00728	?	put	tin	tin opener	dog
00729	?	put	tin	can opener	dog
00730	?	put	tin	dog s	dog
00731	?	put	tin	s	dog
00732	?	place	dish	food	dog
00733	?	place	dish	dog food	dog
00734	?	place	dish	bin	dog
00735	?	place	dish	tin of dog food	dog
00736	?	place	dish	tin	dog
00737	?	place	dish	it	dog
00738	?	place	dish	pet	dog
00739	?	place	dish	can of petfood	dog
00740	?	place	dish	floor	dog
00741	?	place	dish	dogs	dog
00742	?	place	dish	dog	dog
00743	?	place	dish	dish	dog
00744	?	place	dish	bowl	dog
00745	?	place	dish	tin opener	dog
00746	?	place	dish	can opener	dog
00747	?	place	dish	dog s	dog
00748	?	place	dish	s	dog
00749	?	measure	food	food	dog
00750	?	measure	food	dog food	dog
00751	?	measure	food	bin	dog
00752	?	measure	food	tin of dog food	dog
00753	?	measure	food	tin	dog
00754	?	measure	food	it	dog
00755	?	measure	food	pet	dog
00756	?	measure	food	can of petfood	dog
00757	?	measure	food	floor	dog
00758	?	measure	food	dogs	dog
00759	?	measure	food	dog	dog
00760	?	measure	food	dish	dog
00761	?	measure	food	bowl	dog
00762	?	measure	food	tin opener	dog
00763	?	measure	food	can opener	dog
00764	?	measure	food	dog s	dog
00765	?	measure	food	s	dog
00766	?	pour	dry food	food	dog
00767	?	pour	dry food	dog food	dog
00768	?	pour	dry food	bin	dog
00769	?	pour	dry food	tin of dog food	dog
00770	?	pour	dry food	tin	dog
00771	?	pour	dry food	it	dog
00772	?	pour	dry food	pet	dog
00773	?	pour	dry food	can of petfood	dog
00774	?	pour	dry food	floor	dog
00775	?	pour	dry food	dogs	dog
00776	?	pour	dry food	dog	dog
00777	?	pour	dry food	dish	dog
00778	?	pour	dry food	bowl	dog
00779	?	pour	dry food	tin opener	dog
00780	?	pour	dry food	can opener	dog
00781	?	pour	dry food	dog s	dog
00782	?	pour	dry food	s	dog
00783	?	get	dog	food	dog
00784	?	get	dog	dog food	dog
00785	?	get	dog	bin	dog
00786	?	get	dog	tin of dog food	dog
00787	?	get	dog	tin	dog
00788	?	get	dog	it	dog
00789	?	get	dog	pet	dog
00790	?	get	dog	can of petfood	dog
00791	?	get	dog	floor	dog
00792	?	get	dog	dogs	dog
00793	?	get	dog	dog	dog
00794	?	get	dog	dish	dog
00795	?	get	dog	bowl	dog
00796	?	get	dog	tin opener	dog
00797	?	get	dog	can opener	dog
00798	?	get	dog	dog s	dog
00799	?	get	dog	s	dog
00800	?	locate	dog	food	dog
00801	?	locate	dog	dog food	dog
00802	?	locate	dog	bin	dog
00803	?	locate	dog	tin of dog food	dog
00804	?	locate	dog	tin	dog
00805	?	locate	dog	it	dog
00806	?	locate	dog	pet	dog
00807	?	locate	dog	can of petfood	dog
00808	?	locate	dog	floor	dog
00809	?	locate	dog	dogs	dog
00810	?	locate	dog	dog	dog
00811	?	locate	dog	dish	dog
00812	?	locate	dog	bowl	dog
00813	?	locate	dog	tin opener	dog
00814	?	locate	dog	can opener	dog
00815	?	locate	dog	dog s	dog
00816	?	locate	dog	s	dog
00817	?	open	food	food	dog
00818	?	open	food	dog food	dog
00819	?	open	food	bin	dog
00820	?	open	food	tin of dog food	dog
00821	?	open	food	tin	dog
00822	?	open	food	it	dog
00823	?	open	food	pet	dog
00824	?	open	food	can of petfood	dog
00825	?	open	food	floor	dog
00826	?	open	food	dogs	dog
00827	?	open	food	dog	dog
00828	?	open	food	dish	dog
00829	?	open	food	bowl	dog
00830	?	open	food	tin opener	dog
00831	?	open	food	can opener	dog
00832	?	open	food	dog s	dog
00833	?	open	food	s	dog
00834	?	pour	some	food	dog
00835	?	pour	some	dog food	dog
00836	?	pour	some	bin	dog
00837	?	pour	some	tin of dog food	dog
00838	?	pour	some	tin	dog
00839	?	pour	some	it	dog
00840	?	pour	some	pet	dog
00841	?	pour	some	can of petfood	dog
00842	?	pour	some	floor	dog
00843	?	pour	some	dogs	dog
00844	?	pour	some	dog	dog
00845	?	pour	some	dish	dog
00846	?	pour	some	bowl	dog
00847	?	pour	some	tin opener	dog
00848	?	pour	some	can opener	dog
00849	?	pour	some	dog s	dog
00850	?	pour	some	s	dog
00851	?	get	can	food	dog
00852	?	get	can	dog food	dog
00853	?	get	can	bin	dog
00854	?	get	can	tin of dog food	dog
00855	?	get	can	tin	dog
00856	?	get	can	it	dog
00857	?	get	can	pet	dog
00858	?	get	can	can of petfood	dog
00859	?	get	can	floor	dog
00860	?	get	can	dogs	dog
00861	?	get	can	dog	dog
00862	?	get	can	dish	dog
00863	?	get	can	bowl	dog
00864	?	get	can	tin opener	dog
00865	?	get	can	can opener	dog
00866	?	get	can	dog s	dog
00867	?	get	can	s	dog
00868	?	give	water	food	dog
00869	?	give	water	dog food	dog
00870	?	give	water	bin	dog
00871	?	give	water	tin of dog food	dog
00872	?	give	water	tin	dog
00873	?	give	water	it	dog
00874	?	give	water	pet	dog
00875	?	give	water	can of petfood	dog
00876	?	give	water	floor	dog
00877	?	give	water	dogs	dog
00878	?	give	water	dog	dog
00879	?	give	water	dish	dog
00880	?	give	water	bowl	dog
00881	?	give	water	tin opener	dog
00882	?	give	water	can opener	dog
00883	?	give	water	dog s	dog
00884	?	give	water	s	dog
00885	?	feed	dog	food	dog
00886	?	feed	dog	dog food	dog
00887	?	feed	dog	bin	dog
00888	?	feed	dog	tin of dog food	dog
00889	?	feed	dog	tin	dog
00890	?	feed	dog	it	dog
00891	?	feed	dog	pet	dog
00892	?	feed	dog	can of petfood	dog
00893	?	feed	dog	floor	dog
00894	?	feed	dog	dogs	dog
00895	?	feed	dog	dog	dog
00896	?	feed	dog	dish	dog
00897	?	feed	dog	bowl	dog
00898	?	feed	dog	tin opener	dog
00899	?	feed	dog	can opener	dog
00900	?	feed	dog	dog s	dog
00901	?	feed	dog	s	dog
00902	?	put	pet foods	food	dog
00903	?	put	pet foods	dog food	dog
00904	?	put	pet foods	bin	dog
00905	?	put	pet foods	tin of dog food	dog
00906	?	put	pet foods	tin	dog
00907	?	put	pet foods	it	dog
00908	?	put	pet foods	pet	dog
00909	?	put	pet foods	can of petfood	dog
00910	?	put	pet foods	floor	dog
00911	?	put	pet foods	dogs	dog
00912	?	put	pet foods	dog	dog
00913	?	put	pet foods	dish	dog
00914	?	put	pet foods	bowl	dog
00915	?	put	pet foods	tin opener	dog
00916	?	put	pet foods	can opener	dog
00917	?	put	pet foods	dog s	dog
00918	?	put	pet foods	s	dog
00919	?	find	dry food	food	dog
00920	?	find	dry food	dog food	dog
00921	?	find	dry food	bin	dog
00922	?	find	dry food	tin of dog food	dog
00923	?	find	dry food	tin	dog
00924	?	find	dry food	it	dog
00925	?	find	dry food	pet	dog
00926	?	find	dry food	can of petfood	dog
00927	?	find	dry food	floor	dog
00928	?	find	dry food	dogs	dog
00929	?	find	dry food	dog	dog
00930	?	find	dry food	dish	dog
00931	?	find	dry food	bowl	dog
00932	?	find	dry food	tin opener	dog
00933	?	find	dry food	can opener	dog
00934	?	find	dry food	dog s	dog
00935	?	find	dry food	s	dog
00936	?	pour	dog food	food	dog
00937	?	pour	dog food	dog food	dog
00938	?	pour	dog food	bin	dog
00939	?	pour	dog food	tin of dog food	dog
00940	?	pour	dog food	tin	dog
00941	?	pour	dog food	it	dog
00942	?	pour	dog food	pet	dog
00943	?	pour	dog food	can of petfood	dog
00944	?	pour	dog food	floor	dog
00945	?	pour	dog food	dogs	dog
00946	?	pour	dog food	dog	dog
00947	?	pour	dog food	dish	dog
00948	?	pour	dog food	bowl	dog
00949	?	pour	dog food	tin opener	dog
00950	?	pour	dog food	can opener	dog
00951	?	pour	dog food	dog s	dog
00952	?	pour	dog food	s	dog
00953	?	take	pet food	food	dog
00954	?	take	pet food	dog food	dog
00955	?	take	pet food	bin	dog
00956	?	take	pet food	tin of dog food	dog
00957	?	take	pet food	tin	dog
00958	?	take	pet food	it	dog
00959	?	take	pet food	pet	dog
00960	?	take	pet food	can of petfood	dog
00961	?	take	pet food	floor	dog
00962	?	take	pet food	dogs	dog
00963	?	take	pet food	dog	dog
00964	?	take	pet food	dish	dog
00965	?	take	pet food	bowl	dog
00966	?	take	pet food	tin opener	dog
00967	?	take	pet food	can opener	dog
00968	?	take	pet food	dog s	dog
00969	?	take	pet food	s	dog
00970	?	open	tin	food	dog
00971	?	open	tin	dog food	dog
00972	?	open	tin	bin	dog
00973	?	open	tin	tin of dog food	dog
00974	?	open	tin	tin	dog
00975	?	open	tin	it	dog
00976	?	open	tin	pet	dog
00977	?	open	tin	can of petfood	dog
00978	?	open	tin	floor	dog
00979	?	open	tin	dogs	dog
00980	?	open	tin	dog	dog
00981	?	open	tin	dish	dog
00982	?	open	tin	bowl	dog
00983	?	open	tin	tin opener	dog
00984	?	open	tin	can opener	dog
00985	?	open	tin	dog s	dog
00986	?	open	tin	s	dog
00987	?	alert	dog	food	dog
00988	?	alert	dog	dog food	dog
00989	?	alert	dog	bin	dog
00990	?	alert	dog	tin of dog food	dog
00991	?	alert	dog	tin	dog
00992	?	alert	dog	it	dog
00993	?	alert	dog	pet	dog
00994	?	alert	dog	can of petfood	dog
00995	?	alert	dog	floor	dog
00996	?	alert	dog	dogs	dog
00997	?	alert	dog	dog	dog
00998	?	alert	dog	dish	dog
00999	?	alert	dog	bowl	dog
01000	?	alert	dog	tin opener	dog
01001	?	alert	dog	can opener	dog
01002	?	alert	dog	dog s	dog
01003	?	alert	dog	s	dog
01004	?	pour	specified quantity	food	dog
01005	?	pour	specified quantity	dog food	dog
01006	?	pour	specified quantity	bin	dog
01007	?	pour	specified quantity	tin of dog food	dog
01008	?	pour	specified quantity	tin	dog
01009	?	pour	specified quantity	it	dog
01010	?	pour	specified quantity	pet	dog
01011	?	pour	specified quantity	can of petfood	dog
01012	?	pour	specified quantity	floor	dog
01013	?	pour	specified quantity	dogs	dog
01014	?	pour	specified quantity	dog	dog
01015	?	pour	specified quantity	dish	dog
01016	?	pour	specified quantity	bowl	dog
01017	?	pour	specified quantity	tin opener	dog
01018	?	pour	specified quantity	can opener	dog
01019	?	pour	specified quantity	dog s	dog
01020	?	pour	specified quantity	s	dog
01021	?	call	dag	food	dog
01022	?	call	dag	dog food	dog
01023	?	call	dag	bin	dog
01024	?	call	dag	tin of dog food	dog
01025	?	call	dag	tin	dog
01026	?	call	dag	it	dog
01027	?	call	dag	pet	dog
01028	?	call	dag	can of petfood	dog
01029	?	call	dag	floor	dog
01030	?	call	dag	dogs	dog
01031	?	call	dag	dog	dog
01032	?	call	dag	dish	dog
01033	?	call	dag	bowl	dog
01034	?	call	dag	tin opener	dog
01035	?	call	dag	can opener	dog
01036	?	call	dag	dog s	dog
01037	?	call	dag	s	dog
01038	?	open	dog food	food	dog
01039	?	open	dog food	dog food	dog
01040	?	open	dog food	bin	dog
01041	?	open	dog food	tin of dog food	dog
01042	?	open	dog food	tin	dog
01043	?	open	dog food	it	dog
01044	?	open	dog food	pet	dog
01045	?	open	dog food	can of petfood	dog
01046	?	open	dog food	floor	dog
01047	?	open	dog food	dogs	dog
01048	?	open	dog food	dog	dog
01049	?	open	dog food	dish	dog
01050	?	open	dog food	bowl	dog
01051	?	open	dog food	tin opener	dog
01052	?	open	dog food	can opener	dog
01053	?	open	dog food	dog s	dog
01054	?	open	dog food	s	dog
01055	?	put	full food dish	food	dog
01056	?	put	full food dish	dog food	dog
01057	?	put	full food dish	bin	dog
01058	?	put	full food dish	tin of dog food	dog
01059	?	put	full food dish	tin	dog
01060	?	put	full food dish	it	dog
01061	?	put	full food dish	pet	dog
01062	?	put	full food dish	can of petfood	dog
01063	?	put	full food dish	floor	dog
01064	?	put	full food dish	dogs	dog
01065	?	put	full food dish	dog	dog
01066	?	put	full food dish	dish	dog
01067	?	put	full food dish	bowl	dog
01068	?	put	full food dish	tin opener	dog
01069	?	put	full food dish	can opener	dog
01070	?	put	full food dish	dog s	dog
01071	?	put	full food dish	s	dog
01072	?	take	food dish	food	dog
01073	?	take	food dish	dog food	dog
01074	?	take	food dish	bin	dog
01075	?	take	food dish	tin of dog food	dog
01076	?	take	food dish	tin	dog
01077	?	take	food dish	it	dog
01078	?	take	food dish	pet	dog
01079	?	take	food dish	can of petfood	dog
01080	?	take	food dish	floor	dog
01081	?	take	food dish	dogs	dog
01082	?	take	food dish	dog	dog
01083	?	take	food dish	dish	dog
01084	?	take	food dish	bowl	dog
01085	?	take	food dish	tin opener	dog
01086	?	take	food dish	can opener	dog
01087	?	take	food dish	dog s	dog
01088	?	take	food dish	s	dog
01089	?	put	water	food	dog
01090	?	put	water	dog food	dog
01091	?	put	water	bin	dog
01092	?	put	water	tin of dog food	dog
01093	?	put	water	tin	dog
01094	?	put	water	it	dog
01095	?	put	water	pet	dog
01096	?	put	water	can of petfood	dog
01097	?	put	water	floor	dog
01098	?	put	water	dogs	dog
01099	?	put	water	dog	dog
01100	?	put	water	dish	dog
01101	?	put	water	bowl	dog
01102	?	put	water	tin opener	dog
01103	?	put	water	can opener	dog
01104	?	put	water	dog s	dog
01105	?	put	water	s	dog
01106	?	get	tin opener	food	dog
01107	?	get	tin opener	dog food	dog
01108	?	get	tin opener	bin	dog
01109	?	get	tin opener	tin of dog food	dog
01110	?	get	tin opener	tin	dog
01111	?	get	tin opener	it	dog
01112	?	get	tin opener	pet	dog
01113	?	get	tin opener	can of petfood	dog
01114	?	get	tin opener	floor	dog
01115	?	get	tin opener	dogs	dog
01116	?	get	tin opener	dog	dog
01117	?	get	tin opener	dish	dog
01118	?	get	tin opener	bowl	dog
01119	?	get	tin opener	tin opener	dog
01120	?	get	tin opener	can opener	dog
01121	?	get	tin opener	dog s	dog
01122	?	get	tin opener	s	dog
01123	?	put	bag	food	dog
01124	?	put	bag	dog food	dog
01125	?	put	bag	bin	dog
01126	?	put	bag	tin of dog food	dog
01127	?	put	bag	tin	dog
01128	?	put	bag	it	dog
01129	?	put	bag	pet	dog
01130	?	put	bag	can of petfood	dog
01131	?	put	bag	floor	dog
01132	?	put	bag	dogs	dog
01133	?	put	bag	dog	dog
01134	?	put	bag	dish	dog
01135	?	put	bag	bowl	dog
01136	?	put	bag	tin opener	dog
01137	?	put	bag	can opener	dog
01138	?	put	bag	dog s	dog
01139	?	put	bag	s	dog
01140	?	pour	it	food	dog
01141	?	pour	it	dog food	dog
01142	?	pour	it	bin	dog
01143	?	pour	it	tin of dog food	dog
01144	?	pour	it	tin	dog
01145	?	pour	it	it	dog
01146	?	pour	it	pet	dog
01147	?	pour	it	can of petfood	dog
01148	?	pour	it	floor	dog
01149	?	pour	it	dogs	dog
01150	?	pour	it	dog	dog
01151	?	pour	it	dish	dog
01152	?	pour	it	bowl	dog
01153	?	pour	it	tin opener	dog
01154	?	pour	it	can opener	dog
01155	?	pour	it	dog s	dog
01156	?	pour	it	s	dog
01157	?	buy	food	food	dog
01158	?	buy	food	dog food	dog
01159	?	buy	food	bin	dog
01160	?	buy	food	tin of dog food	dog
01161	?	buy	food	tin	dog
01162	?	buy	food	it	dog
01163	?	buy	food	pet	dog
01164	?	buy	food	can of petfood	dog
01165	?	buy	food	floor	dog
01166	?	buy	food	dogs	dog
01167	?	buy	food	dog	dog
01168	?	buy	food	dish	dog
01169	?	buy	food	bowl	dog
01170	?	buy	food	tin opener	dog
01171	?	buy	food	can opener	dog
01172	?	buy	food	dog s	dog
01173	?	buy	food	s	dog
01174	?	give	bowl	food	dog
01175	?	give	bowl	dog food	dog
01176	?	give	bowl	bin	dog
01177	?	give	bowl	tin of dog food	dog
01178	?	give	bowl	tin	dog
01179	?	give	bowl	it	dog
01180	?	give	bowl	pet	dog
01181	?	give	bowl	can of petfood	dog
01182	?	give	bowl	floor	dog
01183	?	give	bowl	dogs	dog
01184	?	give	bowl	dog	dog
01185	?	give	bowl	dish	dog
01186	?	give	bowl	bowl	dog
01187	?	give	bowl	tin opener	dog
01188	?	give	bowl	can opener	dog
01189	?	give	bowl	dog s	dog
01190	?	give	bowl	s	dog
01191	?	clean	dog dish	food	dog
01192	?	clean	dog dish	dog food	dog
01193	?	clean	dog dish	bin	dog
01194	?	clean	dog dish	tin of dog food	dog
01195	?	clean	dog dish	tin	dog
01196	?	clean	dog dish	it	dog
01197	?	clean	dog dish	pet	dog
01198	?	clean	dog dish	can of petfood	dog
01199	?	clean	dog dish	floor	dog
01200	?	clean	dog dish	dogs	dog
01201	?	clean	dog dish	dog	dog
01202	?	clean	dog dish	dish	dog
01203	?	clean	dog dish	bowl	dog
01204	?	clean	dog dish	tin opener	dog
01205	?	clean	dog dish	can opener	dog
01206	?	clean	dog dish	dog s	dog
01207	?	clean	dog dish	s	dog
01208	?	tip	bag	food	dog
01209	?	tip	bag	dog food	dog
01210	?	tip	bag	bin	dog
01211	?	tip	bag	tin of dog food	dog
01212	?	tip	bag	tin	dog
01213	?	tip	bag	it	dog
01214	?	tip	bag	pet	dog
01215	?	tip	bag	can of petfood	dog
01216	?	tip	bag	floor	dog
01217	?	tip	bag	dogs	dog
01218	?	tip	bag	dog	dog
01219	?	tip	bag	dish	dog
01220	?	tip	bag	bowl	dog
01221	?	tip	bag	tin opener	dog
01222	?	tip	bag	can opener	dog
01223	?	tip	bag	dog s	dog
01224	?	tip	bag	s	dog
01225	?	put	dog food	food	dog
01226	?	put	dog food	dog food	dog
01227	?	put	dog food	bin	dog
01228	?	put	dog food	tin of dog food	dog
01229	?	put	dog food	tin	dog
01230	?	put	dog food	it	dog
01231	?	put	dog food	pet	dog
01232	?	put	dog food	can of petfood	dog
01233	?	put	dog food	floor	dog
01234	?	put	dog food	dogs	dog
01235	?	put	dog food	dog	dog
01236	?	put	dog food	dish	dog
01237	?	put	dog food	bowl	dog
01238	?	put	dog food	tin opener	dog
01239	?	put	dog food	can opener	dog
01240	?	put	dog food	dog s	dog
01241	?	put	dog food	s	dog
01242	?	get	dog food	food	dog
01243	?	get	dog food	dog food	dog
01244	?	get	dog food	bin	dog
01245	?	get	dog food	tin of dog food	dog
01246	?	get	dog food	tin	dog
01247	?	get	dog food	it	dog
01248	?	get	dog food	pet	dog
01249	?	get	dog food	can of petfood	dog
01250	?	get	dog food	floor	dog
01251	?	get	dog food	dogs	dog
01252	?	get	dog food	dog	dog
01253	?	get	dog food	dish	dog
01254	?	get	dog food	bowl	dog
01255	?	get	dog food	tin opener	dog
01256	?	get	dog food	can opener	dog
01257	?	get	dog food	dog s	dog
01258	?	get	dog food	s	dog
01259	?	place	bowl	food	dog
01260	?	place	bowl	dog food	dog
01261	?	place	bowl	bin	dog
01262	?	place	bowl	tin of dog food	dog
01263	?	place	bowl	tin	dog
01264	?	place	bowl	it	dog
01265	?	place	bowl	pet	dog
01266	?	place	bowl	can of petfood	dog
01267	?	place	bowl	floor	dog
01268	?	place	bowl	dogs	dog
01269	?	place	bowl	dog	dog
01270	?	place	bowl	dish	dog
01271	?	place	bowl	bowl	dog
01272	?	place	bowl	tin opener	dog
01273	?	place	bowl	can opener	dog
01274	?	place	bowl	dog s	dog
01275	?	place	bowl	s	dog
01276	?	get	food	food	dog
01277	?	get	food	dog food	dog
01278	?	get	food	bin	dog
01279	?	get	food	tin of dog food	dog
01280	?	get	food	tin	dog
01281	?	get	food	it	dog
01282	?	get	food	pet	dog
01283	?	get	food	can of petfood	dog
01284	?	get	food	floor	dog
01285	?	get	food	dogs	dog
01286	?	get	food	dog	dog
01287	?	get	food	dish	dog
01288	?	get	food	bowl	dog
01289	?	get	food	tin opener	dog
01290	?	get	food	can opener	dog
01291	?	get	food	dog s	dog
01292	?	get	food	s	dog
01293	?	notify	dog	food	dog
01294	?	notify	dog	dog food	dog
01295	?	notify	dog	bin	dog
01296	?	notify	dog	tin of dog food	dog
01297	?	notify	dog	tin	dog
01298	?	notify	dog	it	dog
01299	?	notify	dog	pet	dog
01300	?	notify	dog	can of petfood	dog
01301	?	notify	dog	floor	dog
01302	?	notify	dog	dogs	dog
01303	?	notify	dog	dog	dog
01304	?	notify	dog	dish	dog
01305	?	notify	dog	bowl	dog
01306	?	notify	dog	tin opener	dog
01307	?	notify	dog	can opener	dog
01308	?	notify	dog	dog s	dog
01309	?	notify	dog	s	dog
01310	?	locate	food	food	dog
01311	?	locate	food	dog food	dog
01312	?	locate	food	bin	dog
01313	?	locate	food	tin of dog food	dog
01314	?	locate	food	tin	dog
01315	?	locate	food	it	dog
01316	?	locate	food	pet	dog
01317	?	locate	food	can of petfood	dog
01318	?	locate	food	floor	dog
01319	?	locate	food	dogs	dog
01320	?	locate	food	dog	dog
01321	?	locate	food	dish	dog
01322	?	locate	food	bowl	dog
01323	?	locate	food	tin opener	dog
01324	?	locate	food	can opener	dog
01325	?	locate	food	dog s	dog
01326	?	locate	food	s	dog
